date,team,538 win%,ml,implied,spread,538 spread,538 ml pick,538 spread pick,score,ml result,spread result,538 ml w/l,538 spread w/l,538 ml total,538 spread total
10/22/2019,Pelicans,30%,+240,0.29,,,NO,,,l,,-100.0,0.0,-552,-1950
,Raptors,70%,-300,0.75,,,,,,w,,0.0,0.0,-552,-1950
10/22/2019,Lakers,43%,-160,0.62,,,,,,l,,0.0,0.0,-552,-1950
,Clippers,57%,+140,0.42,,,LAC,,,w,,140.0,0.0,-552,-1950
10/23/2019,Pistons,24%,+260,0.28,,,,,,w,,0.0,0.0,-552,-1950
,Pacers,76%,-320,0.76,,,,,,l,,0.0,0.0,-552,-1950
10/23/2019,Cavaliers,17%,+335,0.23,,,,,,l,,0.0,0.0,-552,-1950
,Magic,83%,-420,0.81,,,ORL,,,w,,100.0,0.0,-552,-1950
10/23/2019,Bulls,51%,-160,0.62,,,,,,l,,0.0,0.0,-552,-1950
,Hornets,49%,+140,0.42,,,Cha,,,w,,140.0,0.0,-552,-1950
10/23/2019,Celtics,27%,+200,0.33,,,,,,l,,0.0,0.0,-552,-1950
,76ers,73%,-240,0.71,,,PHI,,,w,,100.0,0.0,-552,-1950
10/23/2019,Grizzlies,31%,+250,0.29,,,MEM,,,l,,-100.0,0.0,-552,-1950
,Heat,69%,-300,0.75,,,,,,w,,0.0,0.0,-552,-1950
10/23/2019,Timberwolves,46%,+145,0.41,,,MIN,,,w,,145.0,0.0,-552,-1950
,Nets,54%,-165,0.62,,,,,,l,,0.0,0.0,-552,-1950
10/23/2019,Knicks,15%,+450,0.18,,,,,,l,,0.0,0.0,-552,-1950
,Spurs,85%,-600,0.86,,,,,,w,,0.0,0.0,-552,-1950
10/23/2019,Wizards,19%,+330,0.23,,,,,,l,,0.0,0.0,-552,-1950
,Mavericks,81%,-400,0.8,,,DAL,,,w,,100.0,0.0,-552,-1950
10/23/2019,Thunder,26%,+350,0.22,,,OKC,,,l,,-100.0,0.0,-552,-1950
,Jazz,74%,-450,0.82,,,,,,w,,0.0,0.0,-552,-1950
10/23/2019,Kings,32%,-125,0.56,,,,,,l,,0.0,0.0,-552,-1950
,Suns,68%,+105,0.49,,,PHX,,,w,,105.0,0.0,-552,-1950
10/23/2019,Nuggets,53%,-115,0.53,,,,,,w,,0.0,0.0,-552,-1950
,Trail Blazers,47%,-105,0.51,,,,,,l,,0.0,0.0,-552,-1950
10/24/2019,Hawks,41%,+100,0.5,,,,,,w,,0.0,0.0,-552,-1950
,Pistons,59%,-120,0.55,,,DET,,,l,,-120.0,0.0,-552,-1950
10/24/2019,Bucks,27%,+105,0.49,,,,,,w,,0.0,0.0,-552,-1950
,Rockets,73%,-125,0.56,,,HOU,,,l,,-125.0,0.0,-552,-1950
10/24/2019,Clippers,33%,-125,0.56,,,,,,w,,0.0,0.0,-552,-1950
,Warriors,67%,+105,0.49,,,GS,,,l,,-100.0,0.0,-552,-1950
10/25/2019,Raptors,37%,+120,0.45,,,,,,l,,0.0,0.0,-552,-1950
,Celtics,63%,-140,0.58,,,BOS,,,w,,100.0,0.0,-552,-1950
10/25/2019,Timberwolves,67%,-210,0.68,,,,,,w,,0.0,0.0,-552,-1950
,Hornets,33%,+180,0.36,,,,,,l,,0.0,0.0,-552,-1950
10/25/2019,Knicks,15%,+300,0.25,,,,,,l,,0.0,0.0,-552,-1950
,Nets,85%,-380,0.79,,,BKN,,,w,,100.0,0.0,-552,-1950
10/25/2019,Wizards,19%,+300,0.25,,,,,,w,,0.0,0.0,-552,-1950
,Thunder,81%,-400,0.8,,,OKC,,,l,,-400.0,0.0,-552,-1950
10/25/2019,Mavericks,44%,+110,0.48,,,,,,w,,0.0,0.0,-552,-1950
,Pelicans,56%,-130,0.57,,,,,,l,,0.0,0.0,-552,-1950
10/25/2019,Bulls,37%,-130,0.57,,,,,,w,,0.0,0.0,-552,-1950
,Grizzlies,63%,+110,0.48,,,MEM,,,l,,-100.0,0.0,-552,-1950
10/25/2019,Suns,16%,+550,0.15,,,PHX,,,l,,-100.0,0.0,-552,-1950
,Nuggets,84%,-800,0.89,,,,,,w,,0.0,0.0,-552,-1950
10/25/2019,Trail Blazers,43%,-130,0.57,,,,,,w,,0.0,0.0,-552,-1950
,Kings,57%,+110,0.48,,,SAC,,,l,,-100.0,0.0,-552,-1950
10/25/2019,Jazz,35%,+145,0.41,,,,,,l,,0.0,0.0,-552,-1950
,Lakers,65%,-165,0.62,,,LAL,,,w,,100.0,0.0,-552,-1950
10/26/2019,Heat,21%,+425,0.19,,,MIA,,,w,,425.0,0.0,-552,-1950
,Bucks,79%,-600,0.86,,,,,,l,,0.0,0.0,-552,-1950
10/26/2019,76ers,71%,-240,0.71,,,,,,w,,0.0,0.0,-552,-1950
,Pistons,29%,+198,0.34,,,,,,l,,0.0,0.0,-552,-1950
10/26/2019,Celtics,73%,-172,0.63,,,BOS,,,w,,100.0,0.0,-552,-1950
,Knicks,27%,+146,0.41,,,,,,l,,0.0,0.0,-552,-1950
10/26/2019,Magic,54%,-125,0.56,,,,,,l,,0.0,0.0,-552,-1950
,Hawks,46%,+105,0.49,,,,,,w,,0.0,0.0,-552,-1950
10/26/2019,Pacers,58%,-190,0.66,,,,,,l,,0.0,0.0,-552,-1950
,Cavaliers,42%,+160,0.38,,,CLE,,,w,,160.0,0.0,-552,-1950
10/26/2019,Raptors,51%,-150,0.6,,,,,,w,,0.0,0.0,-552,-1950
,Bulls,49%,+130,0.43,,,CHI,,,l,,-100.0,0.0,-552,-1950
10/26/2019,Pelicans,13%,+500,0.17,,,,,,l,,0.0,0.0,-552,-1950
,Rockets,87%,-700,0.88,,,,,,w,,0.0,0.0,-552,-1950
10/26/2019,Wizards,21%,+630,0.14,,,WSH,,,l,,-100.0,0.0,-552,-1950
,Spurs,79%,-925,0.9,,,,,,w,,0.0,0.0,-552,-1950
10/26/2019,Kings,19%,+310,0.24,,,,,,l,,0.0,0.0,-552,-1950
,Jazz,81%,-390,0.8,,,UTA,,,w,,100.0,0.0,-552,-1950
10/26/2019,Clippers,53%,-425,0.81,,,,,,l,,0.0,0.0,-552,-1950
,Suns,47%,+325,0.24,,,PHX,,,w,,325.0,0.0,-552,-1950
10/27/2019,Warriors,40%,-105,0.51,,,,,,l,,0.0,0.0,-552,-1950
,Thunder,60%,-115,0.53,,,OKC,,,w,,100.0,0.0,-552,-1950
10/27/2019,Nets,42%,-200,0.67,,,,,,l,,0.0,0.0,-552,-1950
,Grizzlies,58%,+170,0.37,,,MEM,,,w,,170.0,0.0,-552,-1950
10/27/2019,Heat,14%,+225,0.31,,,,,,l,,0.0,0.0,-552,-1950
,Timberwolves,86%,-265,0.73,,,MIN,,,w,,100.0,0.0,-552,-1950
10/27/2019,Trail Blazers,30%,+120,0.45,,,,,,w,,0.0,0.0,-552,-1950
,Mavericks,70%,-140,0.58,,,DAL,,,l,,-140.0,0.0,-552,-1950
10/27/2019,Hornets,10%,+800,0.11,,,,,,l,,0.0,0.0,-552,-1950
,Lakers,90%,-1400,0.93,,,,,,w,,0.0,0.0,-552,-1950
10/29/2019,Hawks,20%,+280,0.26,,,,,,l,,0.0,0.0,-552,-1950
,Heat,80%,-340,0.77,,,MIA,,,w,,100.0,0.0,-552,-1950
10/29/2019,Mavericks,28%,+180,0.36,,,,,,w,,0.0,0.0,-552,-1950
,Nuggets,72%,-220,0.69,,,DEN,,,l,,-220.0,0.0,-552,-1950
10/29/2019,Grizzlies,18%,+600,0.14,,,MEM,,,l,,-100.0,0.0,-552,-1950
,Lakers,82%,-900,0.9,,,,,,w,,0.0,0.0,-552,-1950
10/30/2019,Knicks,13%,+375,0.21,,,,,,l,,0.0,0.0,-552,-1950
,Magic,87%,-500,0.83,,,ORL,,,w,,100.0,0.0,-552,-1950
10/30/2019,Timberwolves,27%,+260,0.28,,,,,,l,,0.0,0.0,-552,-1950
,76ers,73%,-320,0.76,,,,,,w,,0.0,0.0,-552,-1950
10/30/2019,Bulls,50%,-125,0.56,,,,,,l,,0.0,0.0,-552,-1950
,Cavaliers,50%,+105,0.49,,,CLE,,,w,,105.0,0.0,-552,-1950
10/30/2019,Pistons,16%,+350,0.22,,,,,,l,,0.0,0.0,-552,-1950
,Raptors,84%,-450,0.82,,,TOR,,,w,,100.0,0.0,-552,-1950
10/30/2019,Pacers,37%,+140,0.42,,,,,,w,,0.0,0.0,-552,-1950
,Nets,63%,-160,0.62,,,BKN,,,l,,-160.0,0.0,-552,-1950
10/30/2019,Bucks,49%,-165,0.62,,,,,,l,,0.0,0.0,-552,-1950
,Celtics,51%,+145,0.41,,,BOS,,,w,,145.0,0.0,-552,-1950
10/30/2019,Rockets,76%,-340,0.77,,,,,,w,,0.0,0.0,-552,-1950
,Wizards,24%,+270,0.27,,,,,,l,,0.0,0.0,-552,-1950
10/30/2019,Trail Blazers,31%,-120,0.55,,,,,,w,,0.0,0.0,-552,-1950
,Thunder,69%,+100,0.5,,,OKC,,,l,,-100.0,0.0,-552,-1950
10/30/2019,Hornets,21%,+260,0.28,,,,,,w,,0.0,0.0,-552,-1950
,Kings,79%,-320,0.76,,,SAC,,,l,,-320.0,0.0,-552,-1950
10/30/2019,Clippers,28%,+230,0.3,,,,,,l,,0.0,0.0,-552,-1950
,Jazz,72%,-280,0.74,,,,,,w,,0.0,0.0,-552,-1950
10/30/2019,Suns,33%,+180,0.36,,,,,,w,,0.0,0.0,-552,-1950
,Warriors,67%,-210,0.68,,,,,,l,,0.0,0.0,-552,-1950
10/31/2019,Heat,54%,-260,0.72,,,,,,w,,0.0,0.0,-552,-1950
,Hawks,46%,+220,0.31,,,ATL,,,l,,-100.0,0.0,-552,-1950
10/31/2019,Nuggets,54%,-170,0.63,,,,,,l,,0.0,0.0,-552,-1950
,Pelicans,46%,+150,0.4,,,NO,,,w,,150.0,0.0,-552,-1950
10/31/2019,Spurs,31%,+160,0.38,,,,,,l,,0.0,0.0,-552,-1950
,Clippers,69%,-180,0.64,,,LAC,,,w,,100.0,0.0,-552,-1950
11/01/2019,Rockets,67%,-200,0.67,,,,,,l,,0.0,0.0,-552,-1950
,Nets,33%,+170,0.37,,,,,,w,,0.0,0.0,-552,-1950
11/01/2019,Bucks,51%,-180,0.64,,,,,,w,,0.0,0.0,-552,-1950
,Magic,49%,+160,0.38,,,ORL,,,l,,-100.0,0.0,-552,-1950
11/01/2019,Cavaliers,26%,+240,0.29,,,,,,l,,0.0,0.0,-552,-1950
,Pacers,74%,-300,0.75,,,,,,w,,0.0,0.0,-552,-1950
11/01/2019,Knicks,10%,+500,0.17,,,,,,l,,0.0,0.0,-552,-1950
,Celtics,90%,-700,0.88,,,BOS,,,w,,100.0,0.0,-552,-1950
11/01/2019,Pistons,27%,+145,0.41,,,,,,l,,0.0,0.0,-552,-1950
,Bulls,73%,-165,0.62,,,CHI,,,w,,100.0,0.0,-552,-1950
11/01/2019,Lakers,41%,-125,0.56,,,,,,w,,0.0,0.0,-552,-1950
,Mavericks,59%,+105,0.49,,,DAL,,,l,,-100.0,0.0,-552,-1950
11/01/2019,Jazz,56%,-200,0.67,,,,,,l,,0.0,0.0,-552,-1950
,Kings,44%,+175,0.36,,,SAC,,,w,,175.0,0.0,-552,-1950
11/01/2019,Spurs,41%,-280,0.74,,,,,,w,,0.0,0.0,-552,-1950
,Warriors,59%,+230,0.3,,,GS,,,l,,-100.0,0.0,-552,-1950
11/02/2019,Pelicans,35%,+130,0.43,,,,,,l,,0.0,0.0,-552,-1950
,Thunder,65%,-150,0.6,,,OKC,,,w,,100.0,0.0,-552,-1950
11/02/2019,Nets,48%,-120,0.55,,,,,,l,,0.0,0.0,-552,-1950
,Pistons,52%,+100,0.5,,,DET,,,w,,100.0,0.0,-552,-1950
11/02/2019,Nuggets,60%,-175,0.64,,,,,,w,,0.0,0.0,-552,-1950
,Magic,40%,+151,0.4,,,,,,l,,0.0,0.0,-552,-1950
11/02/2019,Suns,44%,-125,0.56,,,,,,w,,0.0,0.0,-552,-1950
,Grizzlies,56%,+105,0.49,,,MEM,,,l,,-100.0,0.0,-552,-1950
11/02/2019,Timberwolves,58%,-105,0.51,,,MIN,,,w,,100.0,0.0,-552,-1950
,Wizards,42%,-115,0.53,,,,,,l,,0.0,0.0,-552,-1950
11/02/2019,Raptors,35%,+160,0.38,,,,,,l,,0.0,0.0,-552,-1950
,Bucks,65%,-185,0.65,,,,,,w,,0.0,0.0,-552,-1950
11/02/2019,Hornets,32%,-105,0.51,,,,,,w,,0.0,0.0,-552,-1950
,Warriors,68%,-115,0.53,,,GS,,,l,,-115.0,0.0,-552,-1950
11/02/2019,76ers,54%,+120,0.45,,,PHI,,,w,,120.0,0.0,-552,-1950
,Trail Blazers,46%,-140,0.58,,,,,,l,,0.0,0.0,-552,-1950
11/03/2019,Bulls,41%,+110,0.48,2.0,2.5,,,95.0,l,l,0.0,0.0,-552,-1950
,Pacers,59%,-130,0.57,-2.0,-2.5,IND,IND,108.0,w,w,100.0,100.0,-552,-1950
11/03/2019,Rockets,75%,-150,0.6,-3.0,-7,HOU,HOU,100.0,l,l,-150.0,-110.0,-552,-1950
,Heat,25%,+130,0.43,3.0,7,,,129.0,w,w,0.0,0.0,-552,-1950
11/03/2019,Kings,65%,-120,0.55,-1.5,-4,SAC,SAC,113.0,w,w,100.0,100.0,-552,-1950
,Knicks,35%,+100,0.5,1.5,4,,,92.0,l,l,0.0,0.0,-552,-1950
11/03/2019,Lakers,56%,-125,0.56,-1.5,-1.5,,,103.0,w,w,0.0,0.0,-552,-1950
,Spurs,44%,+105,0.49,1.5,1.5,,,96.0,l,l,0.0,0.0,-552,-1950
11/03/2019,Mavericks,65%,-220,0.69,-5.5,-4,,,131.0,w,w,0.0,0.0,-552,-1950
,Cavaliers,35%,+180,0.36,5.5,4,,CLE,111.0,l,l,0.0,-110.0,-552,-1950
11/03/2019,Jazz,43%,+170,0.37,4.5,1.5,UTA,UTA,94.0,l,l,-100.0,-110.0,-552,-1950
,Clippers,57%,-200,0.67,-4.5,-1.5,,,105.0,w,w,0.0,0.0,-552,-1950
11/04/2019,Pistons,37%,+140,0.42,3.5,3,,DET,99.0,l,l,0.0,-110.0,-552,-1950
,Wizards,63%,-160,0.62,-3.5,-3,WSH,,115.0,w,w,100.0,0.0,-552,-1950
11/04/2019,Pelicans,39%,+155,0.39,4.0,2.5,,NO,125.0,l,l,0.0,-110.0,-552,-1950
,Nets,61%,-175,0.64,-4.0,-2.5,,,135.0,w,w,0.0,0.0,-552,-1950
11/04/2019,Bucks,57%,-320,0.76,-7.5,-2,,,134.0,w,w,0.0,0.0,-552,-1950
,Timberwolves,43%,+260,0.28,7.5,2,MIN,MIN,106.0,l,l,-100.0,-110.0,-552,-1950
11/04/2019,Rockets,64%,-240,0.71,-5.5,-3.5,,,107.0,w,w,0.0,0.0,-552,-1950
,Grizzlies,36%,+190,0.34,5.5,3.5,MEM,MEM,100.0,l,l,-100.0,-110.0,-552,-1950
11/04/2019,76ers,43%,-115,0.53,-1.0,1.5,,,109.0,l,l,0.0,0.0,-552,-1950
,Suns,57%,-105,0.51,1.0,-1.5,PHX,PHX,114.0,w,w,100.0,100.0,-552,-1950
11/04/2019,Trail Blazers,80%,-750,0.88,-12.0,-8.5,,,118.0,l,l,0.0,0.0,-552,-1950
,Warriors,20%,+525,0.16,12.0,8.5,GS,GS,127.0,w,w,525.0,100.0,-552,-1950
11/05/2019,Celtics,63%,-260,0.72,-6.0,-3.5,,,119.0,w,push,0.0,0.0,-552,-1950
,Cavaliers,37%,+220,0.31,6.0,3.5,CLE,CLE,113.0,l,push,-100.0,0.0,-552,-1950
11/05/2019,Pacers,52%,-160,0.62,-3.5,-0.5,,,120.0,l,l,0.0,0.0,-552,-1950
,Hornets,48%,+140,0.42,3.5,0.5,CHA,CHA,122.0,w,w,140.0,100.0,-552,-1950
11/05/2019,Spurs,56%,-220,0.69,-5.5,-1.5,,,100.0,l,l,0.0,0.0,-552,-1950
,Hawks,45%,+180,0.36,5.5,1.5,ATL,ATL,108.0,w,w,180.0,100.0,-552,-1950
11/05/2019,Magic,34%,+120,0.45,2.5,4,,,94.0,l,l,0.0,0.0,-552,-1950
,Thunder,66%,-140,0.58,-2.5,-4,OKC,OKC,102.0,w,w,100.0,100.0,-552,-1950
11/05/2019,Lakers,56%,-300,0.75,-7.0,-1.5,,,118.0,w,l,0.0,0.0,-552,-1950
,Bulls,44%,+250,0.29,7.0,1.5,CHI,CHI,112.0,l,w,-100.0,100.0,-552,-1950
11/05/2019,Heat,15%,+165,0.38,4.5,10.5,,,89.0,l,l,0.0,0.0,-552,-1950
,Nuggets,85%,-185,0.65,-4.5,-10.5,DEN,DEN,109.0,w,w,100.0,100.0,-552,-1950
11/06/2019,Knicks,20%,+145,0.41,3.5,8.5,,,102.0,l,l,0.0,0.0,-552,-1950
,Pistons,80%,-165,0.62,-3.5,-8.5,DET,DET,122.0,w,w,100.0,100.0,-552,-1950
11/06/2019,Wizards,39%,+150,0.4,4.0,2.5,,WSH,106.0,l,l,0.0,-110.0,-552,-1950
,Pacers,61%,-170,0.63,-4.0,-2.5,,,121.0,w,w,0.0,0.0,-552,-1950
11/06/2019,Kings,26%,+290,0.26,8.0,6.5,,SAC,120.0,l,w,0.0,100.0,-552,-1950
,Raptors,74%,-350,0.78,-8.0,-6.5,,,124.0,w,l,0.0,0.0,-552,-1950
11/06/2019,Warriors,4%,+1100,0.08,15.5,19.5,,,112.0,l,l,0.0,0.0,-552,-1950
,Rockets,96%,-2500,0.96,-15.5,-19.5,,HOU,129.0,w,w,0.0,100.0,-552,-1950
11/06/2019,Bulls,53%,+100,0.5,1.0,-1,CHI,CHI,113.0,w,w,100.0,100.0,-552,-1950
,Hawks,47%,-120,0.55,-1.0,1,,,93.0,l,l,0.0,0.0,-552,-1950
11/06/2019,Timberwolves,55%,-190,0.66,-4.5,-1,,,121.0,l,l,0.0,0.0,-552,-1950
,Grizzlies,45%,+170,0.37,4.5,1,MEM,MEM,137.0,w,w,170.0,100.0,-552,-1950
11/06/2019,Magic,25%,+240,0.29,6.5,7,,,106.0,l,w,0.0,0.0,-552,-1950
,Mavericks,75%,-300,0.75,-6.5,-7,,DAL,107.0,w,l,0.0,-110.0,-552,-1950
11/06/2019,76ers,38%,+110,0.48,2.0,3,,,104.0,l,push,0.0,0.0,-552,-1950
,Jazz,62%,-130,0.57,-2.0,-3,UTA,UTA,106.0,w,push,100.0,0.0,-552,-1950
11/06/2019,Bucks,46%,-250,0.71,-6.0,1,,,129.0,w,l,0.0,0.0,-552,-1950
,Clippers,54%,+200,0.33,6.0,-1,LAC,LAC,124.0,l,w,-100.0,100.0,-552,-1950
11/07/2019,Celtics,67%,-300,0.75,-7.0,-4.5,,,108.0,w,w,0.0,0.0,-552,-1950
,Hornets,33%,+250,0.29,7.0,4.5,CHA,CHA,87.0,l,l,-100.0,-110.0,-552,-1950
11/07/2019,Thunder,47%,+165,0.38,4.5,1,OKC,OKC,112.0,l,l,-100.0,-110.0,-552,-1950
,Spurs,53%,-185,0.65,-4.5,-1,,,121.0,w,w,0.0,0.0,-552,-1950
11/07/2019,Heat,37%,-105,0.51,1.0,3.5,,,124.0,w,w,0.0,0.0,-552,-1950
,Suns,63%,-115,0.53,-1.0,-3.5,PHX,PHX,108.0,l,l,-115.0,-110.0,-552,-1950
11/07/2019,Trail Blazers,35%,+200,0.33,5.5,3.5,POR,POR,101.0,l,l,-100.0,-110.0,-552,-1950
,Clippers,65%,-240,0.71,-5.5,-3.5,,,107.0,w,w,0.0,0.0,-552,-1950
11/08/2019,Pistons,29%,+240,0.29,7.0,5.5,,DET,106.0,l,w,0.0,100.0,-552,-1950
,Pacers,71%,-300,0.75,-7.0,-5.5,,,112.0,w,l,0.0,0.0,-552,-1950
11/08/2019,Cavaliers,35%,+170,0.37,4.5,3.5,,CLE,113.0,w,w,0.0,100.0,-552,-1950
,Wizards,65%,-200,0.67,-4.5,-3.5,,,100.0,l,l,0.0,0.0,-552,-1950
11/08/2019,Grizzlies,28%,+250,0.29,7.0,5.5,,MEM,86.0,l,l,0.0,-110.0,-552,-1950
,Magic,72%,-300,0.75,-7.0,-5.5,,,118.0,w,w,0.0,0.0,-552,-1950
11/08/2019,Kings,52%,-135,0.57,-2.5,-0.5,,,121.0,w,w,0.0,0.0,-552,-1950
,Hawks,48%,+115,0.47,2.5,0.5,ATL,ATL,109.0,l,l,-100.0,-110.0,-552,-1950
11/08/2019,Warriors,6%,+500,0.17,11.5,16.5,,,119.0,l,w,0.0,0.0,-552,-1950
,Timberwolves,94%,-700,0.88,-11.5,-16.5,MIN,MIN,125.0,w,l,100.0,-110.0,-552,-1950
11/08/2019,Raptors,51%,-145,0.59,-2.5,PK,,,122.0,w,w,0.0,0.0,-552,-1950
,Pelicans,49%,+125,0.44,2.5,PK,NO,,104.0,l,l,-100.0,0.0,-552,-1950
11/08/2019,Knicks,7%,+500,0.17,11.0,16,,,106.0,w,w,0.0,0.0,-552,-1950
,Mavericks,93%,-700,0.88,-11.0,-16,DAL,DAL,102.0,l,l,-700.0,-110.0,-552,-1950
11/08/2019,Bucks,37%,-145,0.59,-3.0,3.5,,,100.0,l,l,0.0,0.0,-552,-1950
,Jazz,63%,+125,0.44,3.0,-3.5,UTA,UTA,103.0,w,w,125.0,100.0,-552,-1950
11/08/2019,76ers,36%,+175,0.36,5.0,3.5,,PHI,97.0,l,w,0.0,100.0,-552,-1950
,Nuggets,64%,-210,0.68,-5.0,-3.5,,,100.0,w,l,0.0,0.0,-552,-1950
11/08/2019,Nets,37%,+135,0.43,3.0,3.5,,,119.0,w,w,0.0,0.0,-552,-1950
,Trail Blazers,63%,-155,0.61,-3.0,-3.5,POR,POR,115.0,l,l,-155.0,-110.0,-552,-1950
11/08/2019,Heat,23%,+325,0.24,8.5,7.5,,MIA,80.0,l,l,0.0,-110.0,-552,-1950
,Lakers,77%,-425,0.81,-8.5,-7.5,,,95.0,w,w,0.0,0.0,-552,-1950
11/09/2019,Celtics,55%,+108,0.48,2.0,-1,BOS,BOS,135.0,w,w,108.0,100.0,-552,-1950
,Spurs,45%,-127,0.56,-2.0,1,,,115.0,l,l,0.0,0.0,-552,-1950
11/09/2019,Pelicans,52%,-120,0.55,-1.5,-0.5,,,115.0,w,w,0.0,0.0,-552,-1950
,Hornets,48%,+100,0.5,1.5,0.5,,CHA,110.0,l,l,0.0,-110.0,-552,-1950
11/09/2019,Warriors,8%,+614,0.14,12.0,15.5,,,108.0,l,w,0.0,0.0,-552,-1950
,Thunder,92%,-900,0.9,-12.0,-15.5,OKC,OKC,114.0,w,l,100.0,-110.0,-552,-1950
11/09/2019,Mavericks,55%,,,,-1.5,,,138.0,w,,0.0,0.0,-552,-1950
,Grizzlies,45%,,,,1.5,,,122.0,l,,0.0,0.0,-552,-1950
11/09/2019,Rockets,68%,-260,0.72,-6.5,-4.5,,,117.0,w,w,0.0,0.0,-552,-1950
,Bulls,32%,+215,0.32,6.5,4.5,,CHI,94.0,l,l,0.0,-110.0,-552,-1950
11/12/2019,Cavaliers,15%,+425,0.19,10.0,10.5,,,97.0,l,w,0.0,0.0,-552,-1950
,76ers,85%,-550,0.85,-10.0,-10.5,,PHI,98.0,w,l,0.0,-110.0,-552,-1950
11/12/2019,Thunder,38%,+110,0.48,2.0,3,,,85.0,l,l,0.0,0.0,-552,-1950
,Pacers,62%,-130,0.57,-2.0,-3,IND,IND,111.0,w,w,100.0,100.0,-552,-1950
11/12/2019,Pistons,21%,+300,0.25,8.5,8,,DET,108.0,l,l,0.0,-110.0,-552,-1950
,Heat,79%,-400,0.8,-8.5,-8,,,117.0,w,w,0.0,0.0,-552,-1950
11/12/2019,Knicks,21%,+220,0.31,6.5,8.5,,,102.0,l,l,0.0,0.0,-552,-1950
,Bulls,79%,-300,0.75,-6.5,-8.5,CHI,CHI,120.0,w,w,100.0,100.0,-552,-1950
11/12/2019,Lakers,48%,-135,0.57,-2.5,0.5,,,123.0,w,w,0.0,0.0,-552,-1950
,Suns,52%,+115,0.47,2.5,-0.5,PHX,PHX,115.0,l,l,-100.0,-110.0,-552,-1950
11/12/2019,Hawks,7%,+475,0.17,10.0,16,,,125.0,w,w,0.0,0.0,-552,-1950
,Nuggets,93%,-650,0.87,-10.0,-16,DEN,DEN,121.0,l,l,-650.0,-110.0,-552,-1950
11/12/2019,Nets,16%,+225,0.31,7.0,10,,,114.0,l,w,0.0,0.0,-552,-1950
,Jazz,84%,-275,0.73,-7.0,-10,UTA,UTA,119.0,w,l,100.0,-110.0,-552,-1950
11/12/2019,Trail Blazers,42%,-130,0.57,-2.0,2,,,99.0,l,l,0.0,0.0,-552,-1950
,Kings,58%,+110,0.48,2.0,-2,SAC,SAC,107.0,w,w,110.0,100.0,-552,-1950
11/13/2019,76ers,46%,+100,0.5,1.0,1,,,97.0,l,l,0.0,0.0,-552,-1950
,Magic,54%,-120,0.55,-1.0,-1,,,112.0,w,w,0.0,0.0,-552,-1950
11/13/2019,Grizzlies,47%,+120,0.45,2.5,0.5,MEM,MEM,119.0,w,w,120.0,100.0,-552,-1950
,Hornets,53%,-140,0.58,-2.5,-0.5,,,117.0,l,l,0.0,0.0,-552,-1950
11/13/2019,Clippers,32%,+110,0.48,2.0,4.5,,,93.0,l,l,0.0,0.0,-552,-1950
,Rockets,68%,-130,0.57,-2.0,-4.5,HOU,HOU,102.0,w,w,100.0,100.0,-552,-1950
11/13/2019,Wizards,16%,+325,0.24,8.5,10.5,,,133.0,l,w,0.0,0.0,-552,-1950
,Celtics,84%,-450,0.82,-8.5,-10.5,BOS,BOS,140.0,w,l,100.0,-110.0,-552,-1950
11/13/2019,Spurs,20%,+100,0.5,1.5,8.5,,,114.0,l,l,0.0,0.0,-552,-1950
,Timberwolves,80%,-120,0.55,-1.5,-8.5,MIN,MIN,129.0,w,w,100.0,100.0,-552,-1950
11/13/2019,Raptors,41%,+120,0.45,2.5,2.5,,,114.0,w,w,0.0,0.0,-552,-1950
,Trail Blazers,59%,-140,0.58,-2.5,-2.5,POR,,106.0,l,l,-140.0,0.0,-552,-1950
11/13/2019,Warriors,12%,+280,0.26,8.0,12,,,94.0,l,l,0.0,0.0,-552,-1950
,Lakers,88%,-360,0.78,-8.0,-12,LAL,LAL,120.0,w,w,100.0,100.0,-552,-1950
11/14/2019,Heat,50%,-185,0.65,-4.0,PK,,,108.0,w,w,0.0,0.0,-552,-1950
,Cavaliers,50%,+155,0.39,4.0,PK,CLE,,97.0,l,l,-100.0,0.0,-552,-1950
11/14/2019,Bulls,9%,+550,0.15,11.5,14,,,115.0,l,w,0.0,0.0,-552,-1950
,Bucks,91%,-800,0.89,-11.5,-14,MIL,MIL,124.0,w,l,100.0,-110.0,-552,-1950
11/14/2019,Mavericks,81%,-320,0.76,-7.5,-9,DAL,DAL,103.0,l,l,-320.0,-110.0,-552,-1950
,Knicks,19%,+260,0.28,7.5,9,,,106.0,w,w,0.0,0.0,-552,-1950
11/14/2019,Clippers,57%,-165,0.62,-3.5,-1.5,,,127.0,l,l,0.0,0.0,-552,-1950
,Pelicans,43%,+145,0.41,3.5,1.5,NO,NO,132.0,w,w,145.0,100.0,-552,-1950
11/14/2019,Hawks,14%,+240,0.29,7.5,11.5,,,112.0,l,l,0.0,0.0,-552,-1950
,Suns,86%,-300,0.75,-7.5,-11.5,PHX,PHX,128.0,w,w,100.0,100.0,-552,-1950
11/14/2019,Nets,14%,+300,0.25,8.5,11,,,93.0,l,w,0.0,0.0,-552,-1950
,Nuggets,86%,-400,0.8,-8.5,-11,DEN,DEN,101.0,w,l,100.0,-110.0,-552,-1950
11/15/2019,Pistons,54%,-165,0.62,-3.5,-1,,,106.0,l,l,0.0,0.0,-552,-1950
,Hornets,46%,+145,0.41,3.5,1,CHA,CHA,109.0,w,w,145.0,100.0,-552,-1950
11/15/2019,Spurs,18%,+135,0.43,3.5,9.5,,,109.0,l,w,0.0,0.0,-552,-1950
,Magic,82%,-155,0.61,-3.5,-9.5,ORL,ORL,111.0,w,l,100.0,-110.0,-552,-1950
11/15/2019,Wizards,19%,+240,0.29,7.0,9,,,137.0,w,w,0.0,0.0,-552,-1950
,Timberwolves,81%,-300,0.75,-7.0,-9,MIN,MIN,116.0,l,l,-300.0,-110.0,-552,-1950
11/15/2019,Pacers,15%,+190,0.34,5.5,11,,,102.0,l,l,0.0,0.0,-552,-1950
,Rockets,85%,-240,0.71,-5.5,-11,HOU,HOU,111.0,w,w,100.0,100.0,-552,-1950
11/15/2019,76ers,62%,-175,0.64,-4.0,-3,,,119.0,l,l,0.0,0.0,-552,-1950
,Thunder,38%,+155,0.39,4.0,3,,OKC,127.0,w,w,0.0,100.0,-552,-1950
11/15/2019,Jazz,64%,-320,0.76,-7.5,-3.5,,,106.0,l,l,0.0,0.0,-552,-1950
,Grizzlies,36%,+260,0.28,7.5,3.5,MEM,MEM,107.0,w,w,260.0,100.0,-552,-1950
11/15/2019,Celtics,66%,-320,0.76,-7.5,-4,,,105.0,w,l,0.0,0.0,-552,-1950
,Warriors,34%,+260,0.28,7.5,4,GS,GS,100.0,l,w,-100.0,100.0,-552,-1950
11/15/2019,Kings,19%,+450,0.18,11.0,9,SAC,SAC,97.0,l,w,-100.0,100.0,-552,-1950
,Lakers,81%,-650,0.87,-11.0,-9,,,99.0,w,l,0.0,0.0,-552,-1950
11/18/2019,Cavaliers,52%,+135,0.43,3.0,-0.5,CLE,CLE,105.0,l,l,-100.0,-110.0,-552,-1950
,Knicks,48%,-155,0.61,-3.0,0.5,,,123.0,w,w,0.0,0.0,-552,-1950
11/18/2019,Pacers,42%,+140,0.42,3.5,2,,IND,115.0,w,w,0.0,100.0,-552,-1950
,Nets,58%,-160,0.62,-3.5,-2,,,86.0,l,l,0.0,0.0,-552,-1950
11/18/2019,Hornets,19%,+350,0.22,9.0,9,,,96.0,l,l,0.0,0.0,-552,-1950
,Raptors,81%,-450,0.82,-9.0,-9,,,132.0,w,w,0.0,0.0,-552,-1950
11/18/2019,Bucks,71%,-400,0.8,-8.5,-5.5,,,115.0,w,w,0.0,0.0,-552,-1950
,Bulls,29%,+300,0.25,8.5,5.5,CHI,CHI,101.0,l,l,-100.0,-110.0,-552,-1950
11/18/2019,Trail Blazers,18%,+260,0.28,7.5,9.5,,,108.0,l,l,0.0,0.0,-552,-1950
,Rockets,82%,-320,0.76,-7.5,-9.5,HOU,HOU,132.0,w,w,100.0,100.0,-552,-1950
11/18/2019,Spurs,17%,+170,0.37,5.0,10,,,110.0,l,l,0.0,0.0,-552,-1950
,Mavericks,83%,-200,0.67,-5.0,-10,DAL,DAL,117.0,w,w,100.0,100.0,-552,-1950
11/18/2019,Timberwolves,20%,+400,0.2,10.0,8.5,,MIN,112.0,w,w,0.0,100.0,-552,-1950
,Jazz,80%,-500,0.83,-10.0,-8.5,,,102.0,l,l,0.0,0.0,-552,-1950
11/18/2019,Celtics,30%,+145,0.41,3.5,5.5,,,99.0,w,w,0.0,0.0,-552,-1950
,Suns,70%,-165,0.62,-3.5,-5.5,PHX,PHX,85.0,l,l,-165.0,-110.0,-552,-1950
11/18/2019,Thunder,17%,+400,0.2,10.0,9.5,,OKC,88.0,l,w,0.0,100.0,-552,-1950
,Clippers,83%,-500,0.83,-10.0,-9.5,,,90.0,w,l,0.0,0.0,-552,-1950
11/19/2019,Trail Blazers,41%,-115,0.53,-1.0,2.5,,,104.0,l,l,0.0,0.0,-552,-1950
,Pelicans,59%,-105,0.51,1.0,-2.5,NO,NO,115.0,w,w,100.0,100.0,-552,-1950
11/19/2019,Warriors,20%,+220,0.31,6.5,8.5,,,114.0,w,w,0.0,0.0,-552,-1950
,Grizzlies,80%,-270,0.73,-6.5,-8.5,MEM,MEM,95.0,l,l,-270.0,-110.0,-552,-1950
11/19/2019,Suns,39%,+120,0.45,2.5,2.5,,,116.0,l,l,0.0,0.0,-552,-1950
,Kings,61%,-140,0.58,-2.5,-2.5,SAC,,120.0,w,w,100.0,0.0,-552,-1950
11/19/2019,Thunder,20%,+500,0.17,11.0,8.5,OKC,OKC,107.0,l,w,-100.0,100.0,-552,-1950
,Lakers,80%,-700,0.88,-11.0,-8.5,,,112.0,w,l,0.0,0.0,-552,-1950
11/20/2019,Knicks,5%,+600,0.14,12.5,18.5,,,104.0,l,w,0.0,0.0,-552,-1950
,76ers,95%,-900,0.9,-12.5,-18.5,PHI,PHI,109.0,w,l,100.0,-110.0,-552,-1950
11/20/2019,Spurs,32%,-135,0.57,-2.0,5,,,132.0,l,l,0.0,0.0,-552,-1950
,Wizards,68%,+115,0.47,2.0,-5,WSH,WSH,138.0,w,w,115.0,100.0,-552,-1950
11/20/2019,Cavaliers,20%,+450,0.18,10.5,8.5,CLE,CLE,100.0,l,l,-100.0,-110.0,-552,-1950
,Heat,80%,-600,0.86,-10.5,-8.5,,,124.0,w,w,0.0,0.0,-552,-1950
11/20/2019,Bucks,82%,-700,0.88,-11.0,-9,,,135.0,w,l,0.0,0.0,-552,-1950
,Hawks,18%,+500,0.17,11.0,9,ATL,ATL,127.0,l,w,-100.0,100.0,-552,-1950
11/20/2019,Warriors,8%,+750,0.12,14.0,15.5,,,94.0,l,l,0.0,0.0,-552,-1950
,Mavericks,92%,-1200,0.92,-14.0,-15.5,,DAL,142.0,w,w,0.0,100.0,-552,-1950
11/20/2019,Hornets,31%,+150,0.4,4.0,5,,,91.0,l,l,0.0,0.0,-552,-1950
,Nets,69%,-180,0.64,-4.0,-5,BKN,BKN,101.0,w,w,100.0,100.0,-552,-1950
11/20/2019,Magic,41%,+135,0.43,3.0,2,,ORL,97.0,l,l,0.0,-110.0,-552,-1950
,Raptors,59%,-155,0.61,-3.0,-2,,,113.0,w,w,0.0,0.0,-552,-1950
11/20/2019,Pistons,40%,-105,0.51,1.0,2.5,,,89.0,l,l,0.0,0.0,-552,-1950
,Bulls,60%,-115,0.53,-1.0,-2.5,CHI,CHI,109.0,w,w,100.0,100.0,-552,-1950
11/20/2019,Jazz,45%,-150,0.6,-3.0,1,,,103.0,w,w,0.0,0.0,-552,-1950
,Timberwolves,55%,+130,0.43,3.0,-1,MIN,MIN,95.0,l,l,-100.0,-110.0,-552,-1950
11/20/2019,Rockets,45%,-105,0.51,1.0,1,,,95.0,l,l,0.0,0.0,-552,-1950
,Nuggets,55%,-115,0.53,-1.0,-1,DEN,,105.0,w,w,100.0,0.0,-552,-1950
11/20/2019,Celtics,20%,+260,0.28,8.0,8.5,,,104.0,l,w,0.0,0.0,-552,-1950
,Clippers,80%,-320,0.76,-8.0,-8.5,LAC,LAC,107.0,w,l,100.0,-110.0,-552,-1950
11/21/2019,Trail Blazers,8%,+700,0.13,13.0,15,,,129.0,l,w,0.0,0.0,-552,-1950
,Bucks,92%,-1100,0.92,-13.0,-15,,MIL,137.0,w,l,0.0,-110.0,-552,-1950
11/21/2019,Pelicans,26%,+155,0.39,4.0,6.5,,,124.0,w,w,0.0,0.0,-552,-1950
,Suns,74%,-175,0.64,-4.0,-6.5,PHX,PHX,121.0,l,l,-175.0,-110.0,-552,-1950
11/22/2019,Hawks,27%,+230,0.3,6.5,6.5,,,103.0,l,l,0.0,0.0,-552,-1950
,Pistons,73%,-280,0.74,-6.5,-6.5,,,128.0,w,w,0.0,0.0,-552,-1950
11/22/2019,Hornets,22%,+200,0.33,6.0,8,,,118.0,l,l,0.0,0.0,-552,-1950
,Wizards,78%,-250,0.71,-6.0,-8,WSH,WSH,125.0,w,w,100.0,100.0,-552,-1950
11/22/2019,Kings,48%,+100,0.5,1.0,0.5,,SAC,97.0,l,l,0.0,-110.0,-552,-1950
,Nets,52%,-120,0.55,-1.0,-0.5,,,116.0,w,w,0.0,0.0,-552,-1950
11/22/2019,Spurs,14%,+270,0.27,7.5,11.5,,,104.0,l,l,0.0,0.0,-552,-1950
,76ers,86%,-340,0.77,-7.5,-11.5,PHI,PHI,115.0,w,w,100.0,100.0,-552,-1950
11/22/2019,Heat,53%,-200,0.67,-5.0,-1,,,116.0,w,w,0.0,0.0,-552,-1950
,Bulls,47%,+170,0.37,5.0,1,CHI,CHI,108.0,l,l,-100.0,-110.0,-552,-1950
11/22/2019,Lakers,46%,-200,0.67,-4.5,1,,,130.0,w,l,0.0,0.0,-552,-1950
,Thunder,54%,+170,0.37,4.5,-1,OKC,OKC,127.0,l,w,-100.0,100.0,-552,-1950
11/22/2019,Cavaliers,16%,+400,0.2,10.0,10,,,101.0,l,l,0.0,0.0,-552,-1950
,Mavericks,84%,-500,0.83,-10.0,-10,DAL,,143.0,w,w,100.0,0.0,-552,-1950
11/22/2019,Celtics,28%,+175,0.36,5.0,6,,,92.0,l,w,0.0,0.0,-552,-1950
,Nuggets,72%,-210,0.68,-5.0,-6,DEN,DEN,96.0,w,l,100.0,-110.0,-552,-1950
11/22/2019,Warriors,6%,+1000,0.09,15.5,17,,,109.0,l,w,0.0,0.0,-552,-1950
,Jazz,94%,-2000,0.95,-15.5,-17,,UTA,113.0,w,l,0.0,-110.0,-552,-1950
11/22/2019,Rockets,32%,+180,0.36,5.0,4.5,,HOU,119.0,l,w,0.0,100.0,-552,-1950
,Clippers,68%,-220,0.69,-5.0,-4.5,,,122.0,w,l,0.0,0.0,-552,-1950
11/25/2019,Magic,45%,+165,0.38,4.5,1.5,ORL,ORL,88.0,l,l,-100.0,-110.0,-552,-1950
,Pistons,55%,-185,0.65,-4.5,-1.5,,,103.0,w,w,0.0,0.0,-552,-1950
11/25/2019,Grizzlies,29%,+350,0.22,9.5,5.5,MEM,MEM,114.0,l,l,-100.0,-110.0,-552,-1950
,Pacers,71%,-450,0.82,-9.5,-5.5,,,126.0,w,w,0.0,0.0,-552,-1950
11/25/2019,Nets,34%,+100,0.5,1.5,4,,,108.0,w,w,0.0,0.0,-552,-1950
,Cavaliers,66%,-120,0.55,-1.5,-4,CLE,CLE,106.0,l,l,-120.0,-110.0,-552,-1950
11/25/2019,76ers,56%,-125,0.56,-1.5,-1.5,,,96.0,l,l,0.0,0.0,-552,-1950
,Raptors,44%,+105,0.49,1.5,1.5,,,101.0,w,w,0.0,0.0,-552,-1950
11/25/2019,Kings,19%,+250,0.29,7.0,9,,,102.0,l,w,0.0,0.0,-552,-1950
,Celtics,81%,-300,0.75,-7.0,-9,BOS,BOS,103.0,w,l,100.0,-110.0,-552,-1950
11/25/2019,Hornets,14%,+500,0.17,11.0,11.5,,,100.0,l,l,0.0,0.0,-552,-1950
,Heat,86%,-700,0.88,-11.0,-11.5,,MIA,117.0,w,w,0.0,100.0,-552,-1950
11/25/2019,Timberwolves,56%,-175,0.64,-4.0,-1.5,,,125.0,w,w,0.0,0.0,-552,-1950
,Hawks,44%,+155,0.39,4.0,1.5,ATL,ATL,113.0,l,l,-100.0,-110.0,-552,-1950
11/25/2019,Jazz,28%,+275,0.27,7.5,6,UTA,UTA,118.0,l,w,-100.0,100.0,-552,-1950
,Bucks,72%,-350,0.78,-7.5,-6,,,122.0,w,l,0.0,0.0,-552,-1950
11/25/2019,Trail Blazers,37%,-115,0.53,-1.0,3.5,,,117.0,w,w,0.0,0.0,-552,-1950
,Bulls,63%,-105,0.51,1.0,-3.5,CHI,CHI,94.0,l,l,-105.0,-110.0,-552,-1950
11/25/2019,Lakers,71%,-220,0.69,-4.5,-5.5,LAL,LAL,114.0,w,w,100.0,100.0,-552,-1950
,Spurs,29%,+180,0.36,4.5,5.5,,,104.0,l,l,0.0,0.0,-552,-1950
11/25/2019,Thunder,76%,-250,0.71,-6.0,-7,OKC,OKC,100.0,w,l,100.0,-110.0,-552,-1950
,Warriors,24%,+210,0.32,6.0,7,,,97.0,l,w,0.0,0.0,-552,-1950
11/26/2019,Clippers,48%,-125,0.56,-1.5,0.5,,,114.0,w,w,0.0,0.0,-552,-1950
,Mavericks,52%,+105,0.49,1.5,-0.5,DAL,DAL,99.0,l,l,-100.0,-110.0,-552,-1950
11/26/2019,Wizards,10%,+425,0.19,10.5,13.5,,,104.0,l,l,0.0,0.0,-552,-1950
,Nuggets,90%,-550,0.85,-10.5,-13.5,DEN,DEN,117.0,w,w,100.0,100.0,-552,-1950
11/27/2019,Jazz,55%,+110,0.48,2.0,-1,UTA,UTA,102.0,l,l,-100.0,-110.0,-552,-1950
,Pacers,45%,-130,0.57,-2.0,1,,,121.0,w,w,0.0,0.0,-552,-1950
11/27/2019,Nets,23%,+265,0.27,8.0,7.5,,BKN,110.0,l,l,0.0,-110.0,-552,-1950
,Celtics,77%,-325,0.76,-8.0,-7.5,BOS,,121.0,w,w,100.0,0.0,-552,-1950
11/27/2019,Kings,15%,+400,0.2,9.5,11,,,91.0,l,w,0.0,0.0,-552,-1950
,76ers,85%,-500,0.83,-9.5,-11,PHI,PHI,97.0,w,l,100.0,-110.0,-552,-1950
11/27/2019,Magic,52%,-125,0.56,-1.5,-0.5,,,116.0,w,w,0.0,0.0,-552,-1950
,Cavaliers,48%,+105,0.49,1.5,0.5,,CLE,104.0,l,l,0.0,-110.0,-552,-1950
11/27/2019,Pistons,52%,-170,0.63,-4.0,-0.5,,,101.0,l,l,0.0,0.0,-552,-1950
,Hornets,48%,+150,0.4,4.0,0.5,CHA,CHA,102.0,w,w,150.0,100.0,-552,-1950
11/27/2019,Knicks,12%,+425,0.19,10.0,12.5,,,98.0,l,l,0.0,0.0,-552,-1950
,Raptors,88%,-600,0.86,-10.0,-12.5,TOR,TOR,126.0,w,w,100.0,100.0,-552,-1950
11/27/2019,Hawks,9%,+900,0.1,14.5,14.5,,,102.0,l,w,0.0,0.0,-552,-1950
,Bucks,91%,-1600,0.94,-14.5,-14.5,,,111.0,w,l,0.0,0.0,-552,-1950
11/27/2019,Clippers,71%,-300,0.75,-7.0,-5.5,,,121.0,w,l,0.0,0.0,-552,-1950
,Grizzlies,29%,+250,0.29,7.0,5.5,,MEM,119.0,l,w,0.0,100.0,-552,-1950
11/27/2019,Heat,17%,+230,0.3,7.0,10,,,108.0,l,l,0.0,0.0,-552,-1950
,Rockets,83%,-280,0.74,-7.0,-10,HOU,HOU,117.0,w,w,100.0,100.0,-552,-1950
11/27/2019,Timberwolves,60%,+120,0.45,2.5,-2.5,MIN,MIN,113.0,w,w,120.0,100.0,-552,-1950
,Spurs,40%,-140,0.58,-2.5,2.5,,,101.0,l,l,0.0,0.0,-552,-1950
11/27/2019,Wizards,17%,+260,0.28,7.5,10,,,140.0,w,w,0.0,0.0,-552,-1950
,Suns,83%,-320,0.76,-7.5,-10,PHX,PHX,132.0,l,l,-320.0,-110.0,-552,-1950
11/27/2019,Lakers,51%,-270,0.73,-6.0,PK,,,114.0,w,l,0.0,0.0,-552,-1950
,Pelicans,49%,+220,0.31,6.0,PK,NO,,110.0,l,w,-100.0,0.0,-552,-1950
11/27/2019,Thunder,54%,+125,0.44,2.5,-1,OKC,OKC,119.0,l,l,-100.0,-110.0,-552,-1950
,Trail Blazers,46%,-145,0.59,-2.5,1,,,136.0,w,w,0.0,0.0,-552,-1950
11/27/2019,Bulls,45%,-145,0.59,-3.0,1,,,90.0,l,l,0.0,0.0,-552,-1950
,Warriors,55%,+125,0.44,3.0,-1,GS,GS,104.0,w,w,125.0,100.0,-552,-1950
12/02/2019,Jazz,25%,+190,0.34,5.5,7,,,94.0,l,l,0.0,0.0,-552,-1950
,76ers,75%,-240,0.71,-5.5,-7,PHI,PHI,103.0,w,w,100.0,100.0,-552,-1950
12/02/2019,Suns,64%,-185,0.65,-4.5,-3.5,,,109.0,w,w,0.0,0.0,-552,-1950
,Hornets,36%,+165,0.38,4.5,3.5,,CHA,104.0,l,l,0.0,-110.0,-552,-1950
12/02/2019,Warriors,29%,+215,0.32,6.5,5.5,,GS,79.0,l,l,0.0,-110.0,-552,-1950
,Hawks,71%,-265,0.73,-6.5,-5.5,,,104.0,w,w,0.0,0.0,-552,-1950
12/02/2019,Pacers,56%,-500,0.83,-9.5,-1.5,,,117.0,w,w,0.0,0.0,-552,-1950
,Grizzlies,44%,+375,0.21,9.5,1.5,MEM,MEM,104.0,l,l,-100.0,-110.0,-552,-1950
12/02/2019,Knicks,5%,+1200,0.08,16.5,19,,,88.0,l,l,0.0,0.0,-552,-1950
,Bucks,95%,-3000,0.97,-16.5,-19,,MIL,132.0,w,w,0.0,100.0,-552,-1950
12/02/2019,Bulls,27%,+180,0.36,5.0,6,,,113.0,w,w,0.0,0.0,-552,-1950
,Kings,73%,-220,0.69,-5.0,-6,SAC,SAC,106.0,l,l,-220.0,-110.0,-552,-1950
12/03/2019,Pistons,43%,-155,0.61,-3.0,1.5,,,127.0,w,w,0.0,0.0,-552,-1950
,Cavaliers,57%,+135,0.43,3.0,-1.5,CLE,CLE,94.0,l,l,-100.0,-110.0,-552,-1950
12/03/2019,Magic,45%,+110,0.48,2.0,1.5,,ORL,127.0,w,w,0.0,100.0,-552,-1950
,Wizards,55%,-130,0.57,-2.0,-1.5,,,120.0,l,l,0.0,0.0,-552,-1950
12/03/2019,Mavericks,65%,-180,0.64,-4.0,-4,DAL,,118.0,w,w,100.0,0.0,-552,-1950
,Pelicans,35%,+160,0.38,4.0,4,,,97.0,l,l,0.0,0.0,-552,-1950
12/03/2019,Heat,25%,+170,0.37,4.5,7,,,121.0,w,w,0.0,0.0,-552,-1950
,Raptors,75%,-200,0.67,-4.5,-7,TOR,TOR,110.0,l,l,-200.0,-110.0,-552,-1950
12/03/2019,Rockets,79%,-280,0.74,-6.5,-8,HOU,HOU,133.0,l,l,-280.0,-110.0,-552,-1950
,Spurs,21%,+240,0.29,6.5,8,,,135.0,w,w,0.0,0.0,-552,-1950
12/03/2019,Lakers,28%,+110,0.48,2.0,6,,,105.0,w,w,0.0,0.0,-552,-1950
,Nuggets,72%,-130,0.57,-2.0,-6,DEN,DEN,96.0,l,l,-130.0,-110.0,-552,-1950
12/03/2019,Trail Blazers,16%,+375,0.21,9.0,10.5,,,97.0,l,l,0.0,0.0,-552,-1950
,Clippers,84%,-500,0.83,-9.0,-10.5,LAC,LAC,117.0,w,w,100.0,100.0,-552,-1950
12/04/2019,Bucks,69%,-450,0.82,-8.5,-5,,,127.0,w,w,0.0,0.0,-552,-1950
,Pistons,31%,+350,0.22,8.5,5,DET,DET,103.0,l,l,-100.0,-110.0,-552,-1950
12/04/2019,Suns,57%,-130,0.57,-2.0,-1.5,,,114.0,l,l,0.0,0.0,-552,-1950
,Magic,43%,+110,0.48,2.0,1.5,,ORL,128.0,w,w,0.0,100.0,-552,-1950
12/04/2019,Warriors,41%,+120,0.45,2.5,2.5,,,91.0,l,l,0.0,0.0,-552,-1950
,Hornets,59%,-140,0.58,-2.5,-2.5,CHA,,106.0,w,w,100.0,0.0,-552,-1950
12/04/2019,Nets,36%,-155,0.61,-3.0,3.5,,,130.0,w,w,0.0,0.0,-552,-1950
,Hawks,64%,+135,0.43,3.0,-3.5,ATL,ATL,118.0,l,l,-100.0,-110.0,-552,-1950
12/04/2019,Heat,27%,+230,0.3,6.5,6,,MIA,93.0,l,l,0.0,-110.0,-552,-1950
,Celtics,73%,-270,0.73,-6.5,-6,,,112.0,w,w,0.0,0.0,-552,-1950
12/04/2019,Grizzlies,44%,+200,0.33,6.0,1.5,MEM,MEM,99.0,l,l,-100.0,-110.0,-552,-1950
,Bulls,56%,-240,0.71,-6.0,-1.5,,,106.0,w,w,0.0,0.0,-552,-1950
12/04/2019,Pacers,37%,-110,0.52,,3.5,,,107.0,w,,0.0,0.0,-552,-1950
,Thunder,63%,-110,0.52,,-3.5,OKC,,100.0,l,,-110.0,0.0,-552,-1950
12/04/2019,Timberwolves,30%,+155,0.39,4.0,5,,,114.0,l,l,0.0,0.0,-552,-1950
,Mavericks,70%,-175,0.64,-4.0,-5,DAL,DAL,121.0,w,w,100.0,100.0,-552,-1950
12/04/2019,Lakers,28%,+125,0.44,2.5,6,,,121.0,w,w,0.0,0.0,-552,-1950
,Jazz,73%,-145,0.59,-2.5,-6,UTA,UTA,96.0,l,l,-145.0,-110.0,-552,-1950
12/04/2019,Kings,38%,+155,0.39,4.0,3,,SAC,116.0,l,l,0.0,-110.0,-552,-1950
,Trail Blazers,62%,-175,0.64,-4.0,-3,,,127.0,w,w,0.0,0.0,-552,-1950
12/05/2019,76ers,72%,-340,0.77,-8.0,-6,,,113.0,l,l,0.0,0.0,-552,-1950
,Wizards,28%,+280,0.26,8.0,6,WSH,WSH,119.0,w,w,280.0,100.0,-552,-1950
12/05/2019,Rockets,41%,+110,0.48,2.0,2,,,119.0,w,w,0.0,0.0,-552,-1950
,Raptors,59%,-130,0.57,-2.0,-2,TOR,,109.0,l,l,-130.0,0.0,-552,-1950
12/05/2019,Nuggets,85%,-450,0.82,-9.5,-10.5,DEN,DEN,129.0,w,w,100.0,100.0,-552,-1950
,Knicks,15%,+350,0.22,9.5,10.5,,,92.0,l,l,0.0,0.0,-552,-1950
12/05/2019,Suns,48%,+155,0.39,4.0,0.5,PHX,PHX,139.0,w,w,155.0,100.0,-552,-1950
,Pelicans,52%,-175,0.64,-4.0,-0.5,,,132.0,l,l,0.0,0.0,-552,-1950
12/06/2019,Pacers,43%,-130,0.57,-2.0,1.5,,,101.0,l,l,0.0,0.0,-552,-1950
,Pistons,57%,+110,0.48,2.0,-1.5,DET,DET,108.0,w,w,110.0,100.0,-552,-1950
12/06/2019,Magic,47%,-175,0.64,-4.0,0.5,,,93.0,w,w,0.0,0.0,-552,-1950
,Cavaliers,53%,+155,0.39,4.0,-0.5,CLE,CLE,87.0,l,l,-100.0,-110.0,-552,-1950
12/06/2019,Nets,44%,-145,0.59,-2.5,1.5,,,111.0,w,w,0.0,0.0,-552,-1950
,Hornets,56%,+125,0.44,2.5,-1.5,CHA,CHA,104.0,l,l,-100.0,-110.0,-552,-1950
12/06/2019,Timberwolves,36%,+170,0.37,4.5,3.5,,MIN,127.0,l,l,0.0,-110.0,-552,-1950
,Thunder,64%,-200,0.67,-4.5,-3.5,,,139.0,w,w,0.0,0.0,-552,-1950
12/06/2019,Wizards,21%,+400,0.2,9.5,8.5,WSH,WSH,103.0,l,w,-100.0,100.0,-552,-1950
,Heat,79%,-500,0.83,-9.5,-8.5,,,112.0,w,l,0.0,0.0,-552,-1950
12/06/2019,Warriors,37%,+165,0.38,4.5,3.5,,GS,100.0,w,w,0.0,100.0,-552,-1950
,Bulls,63%,-185,0.65,-4.5,-3.5,,,98.0,l,l,0.0,0.0,-552,-1950
12/06/2019,Nuggets,42%,+130,0.43,3.5,2,,DEN,95.0,l,l,0.0,-110.0,-552,-1950
,Celtics,58%,-150,0.6,-3.5,-2,,,108.0,w,w,0.0,0.0,-552,-1950
12/06/2019,Clippers,40%,+145,0.41,3.5,2.5,,LAC,91.0,l,l,0.0,-110.0,-552,-1950
,Bucks,60%,-165,0.62,-3.5,-2.5,,,119.0,w,w,0.0,0.0,-552,-1950
12/06/2019,Kings,45%,+165,0.38,4.0,1,SAC,SAC,104.0,l,w,-100.0,100.0,-552,-1950
,Spurs,55%,-185,0.65,-4.0,-1,,,105.0,w,l,0.0,0.0,-552,-1950
12/06/2019,Lakers,57%,-185,0.65,-4.5,-1.5,,,136.0,w,w,0.0,0.0,-552,-1950
,Trail Blazers,43%,+165,0.38,4.5,1.5,POR,POR,113.0,l,l,-100.0,-110.0,-552,-1950
01/08/2020,Raptors,57%,-140,0.58,-2.5,-1.5,,,112.0,w,l,0.0,0.0,-552,-1950
,Hornets,43%,+120,0.45,2.5,1.5,,CHA,110.0,l,w,0.0,100.0,-552,-1950
01/08/2020,Heat,43%,-105,0.51,1.0,2,,,122.0,w,w,0.0,0.0,-552,-1950
,Pacers,57%,-115,0.53,-1.0,-2,IND,IND,108.0,l,l,-115.0,-110.0,-552,-1950
01/08/2020,Wizards,22%,+375,0.21,9.5,8,WSH,WSH,89.0,l,l,-100.0,-110.0,-552,-1950
,Magic,78%,-500,0.83,-9.5,-8,,,123.0,w,w,0.0,0.0,-552,-1950
01/08/2020,Spurs,17%,+220,0.31,6.5,10,,,129.0,w,w,0.0,0.0,-552,-1950
,Celtics,83%,-260,0.72,-6.5,-10,BOS,BOS,114.0,l,l,-260.0,-110.0,-552,-1950
01/08/2020,Nuggets,35%,+130,0.43,3.0,3.5,,,107.0,w,w,0.0,0.0,-552,-1950
,Mavericks,65%,-150,0.6,-3.0,-3.5,DAL,DAL,106.0,l,l,-150.0,-110.0,-552,-1950
01/08/2020,Rockets,68%,-370,0.79,-8.0,-4.5,,,122.0,w,l,0.0,0.0,-552,-1950
,Hawks,32%,+300,0.25,8.0,4.5,ATL,ATL,115.0,l,w,-100.0,100.0,-552,-1950
01/08/2020,Bulls,27%,+160,0.38,4.0,6,,,108.0,l,l,0.0,0.0,-552,-1950
,Pelicans,73%,-180,0.64,-4.0,-6,NO,NO,123.0,w,w,100.0,100.0,-552,-1950
01/08/2020,Knicks,8%,+700,0.12,12.5,15.5,,,104.0,l,l,0.0,0.0,-552,-1950
,Jazz,92%,-1100,0.92,-12.5,-15.5,,UTA,128.0,w,w,0.0,100.0,-552,-1950
01/08/2020,Bucks,87%,-1600,0.94,-13.5,-12,,,107.0,w,l,0.0,0.0,-552,-1950
,Warriors,13%,+900,0.1,13.5,12,GS,GS,98.0,l,w,-100.0,100.0,-552,-1950
01/09/2020,Cavaliers,27%,+250,0.29,7.0,6,,CLE,115.0,w,w,0.0,100.0,-552,-1950
,Pistons,73%,-300,0.75,-7.0,-6,,,112.0,l,l,0.0,0.0,-552,-1950
01/09/2020,Celtics,34%,+120,0.45,2.5,4,,,98.0,l,l,0.0,0.0,-552,-1950
,76ers,66%,-140,0.58,-2.5,-4,PHI,PHI,109.0,w,w,100.0,100.0,-552,-1950
01/09/2020,Trail Blazers,33%,-130,0.57,-2.0,4.5,,,102.0,l,l,0.0,0.0,-552,-1950
,Timberwolves,67%,+110,0.48,2.0,-4.5,MIN,MIN,116.0,w,w,110.0,100.0,-552,-1950
01/09/2020,Rockets,59%,-175,0.64,-4.0,-2.5,,,92.0,l,l,0.0,0.0,-552,-1950
,Thunder,41%,+155,0.39,4.0,2.5,OKC,OKC,113.0,w,w,155.0,100.0,-552,-1950
01/10/2020,Hawks,38%,-110,0.52,,3,,,101.0,l,,0.0,0.0,-552,-1950
,Wizards,62%,-110,0.52,,-3,WSH,,111.0,w,,100.0,0.0,-552,-1950
01/10/2020,Heat,62%,-160,0.62,-3.5,-3,,,113.0,l,l,0.0,0.0,-552,-1950
,Nets,38%,+140,0.42,3.5,3,,BKN,117.0,w,w,0.0,100.0,-552,-1950
01/10/2020,Spurs,34%,-110,0.52,,4,,,121.0,l,,0.0,0.0,-552,-1950
,Grizzlies,66%,-110,0.52,,-4,MEM,,134.0,w,,100.0,0.0,-552,-1950
01/10/2020,Pelicans,66%,-180,0.64,-4.0,-4,NO,,123.0,w,w,100.0,0.0,-552,-1950
,Knicks,34%,+150,0.4,4.0,4,,,111.0,l,l,0.0,0.0,-552,-1950
01/10/2020,Pacers,47%,-135,0.57,-2.5,0.5,,,116.0,w,w,0.0,0.0,-552,-1950
,Bulls,53%,+115,0.47,2.5,-0.5,CHI,CHI,105.0,l,l,-100.0,-110.0,-552,-1950
01/10/2020,Lakers,37%,+110,0.48,2.0,3.5,,,129.0,w,w,0.0,0.0,-552,-1950
,Mavericks,63%,-130,0.57,-2.0,-3.5,DAL,DAL,114.0,l,l,-130.0,-110.0,-552,-1950
01/10/2020,Hornets,9%,+600,0.14,12.0,14.5,,,92.0,l,l,0.0,0.0,-552,-1950
,Jazz,91%,-900,0.9,-12.0,-14.5,UTA,UTA,109.0,w,w,100.0,100.0,-552,-1950
01/10/2020,Magic,33%,+130,0.43,3.0,4.5,,,94.0,l,l,0.0,0.0,-552,-1950
,Suns,67%,-150,0.6,-3.0,-4.5,PHX,PHX,98.0,w,w,100.0,100.0,-552,-1950
01/10/2020,Bucks,73%,-420,0.81,-8.5,-6,,,127.0,w,w,0.0,0.0,-552,-1950
,Kings,28%,+330,0.23,8.5,6,SAC,SAC,106.0,l,l,-100.0,-110.0,-552,-1950
01/10/2020,Warriors,6%,+800,0.11,13.5,17,,,100.0,l,w,0.0,0.0,-552,-1950
,Clippers,94%,-1400,0.93,-13.5,-17,LAC,LAC,109.0,w,l,100.0,-110.0,-552,-1950
01/13/2020,76ers,50%,+110,0.48,2.0,PK,PHI,,95.0,l,l,-100.0,0.0,-552,-1950
,Pacers,50%,-130,0.57,-2.0,PK,,,101.0,w,w,0.0,0.0,-552,-1950
01/13/2020,Pelicans,50%,+105,0.49,2.0,PK,NO,,117.0,w,w,105.0,0.0,-552,-1950
,Pistons,50%,-125,0.56,-2.0,PK,,,110.0,l,l,0.0,0.0,-552,-1950
01/13/2020,Bulls,15%,+400,0.2,10.0,11,,,101.0,l,l,0.0,0.0,-552,-1950
,Celtics,85%,-550,0.85,-10.0,-11,,BOS,113.0,w,w,0.0,100.0,-552,-1950
01/13/2020,Thunder,50%,-145,0.59,-2.5,PK,,,117.0,w,w,0.0,0.0,-552,-1950
,Timberwolves,50%,+125,0.44,2.5,PK,MIN,,104.0,l,l,-100.0,0.0,-552,-1950
01/13/2020,Hornets,15%,+375,0.21,9.5,11,,,112.0,l,w,0.0,0.0,-552,-1950
,Trail Blazers,85%,-500,0.83,-9.5,-11,POR,POR,115.0,w,l,100.0,-110.0,-552,-1950
01/13/2020,Magic,42%,+110,0.48,2.0,2,,,114.0,w,w,0.0,0.0,-552,-1950
,Kings,58%,-130,0.57,-2.0,-2,SAC,,112.0,l,l,-130.0,0.0,-552,-1950
01/13/2020,Cavaliers,9%,+800,0.11,14.0,14.5,,,99.0,l,l,0.0,0.0,-552,-1950
,Lakers,91%,-1400,0.93,-14.0,-14.5,,LAL,128.0,w,w,0.0,100.0,-552,-1950
01/14/2020,Suns,52%,-200,0.67,-5.0,-0.5,,,110.0,l,l,0.0,0.0,-552,-1950
,Hawks,48%,+170,0.37,5.0,0.5,ATL,ATL,123.0,w,w,170.0,100.0,-552,-1950
01/14/2020,Jazz,46%,-150,0.6,-3.0,1,,,118.0,w,w,0.0,0.0,-552,-1950
,Nets,54%,+130,0.43,3.0,-1,BKN,BKN,107.0,l,l,-100.0,-110.0,-552,-1950
01/14/2020,Rockets,59%,-200,0.67,-5.0,-2,,,110.0,l,l,0.0,0.0,-552,-1950
,Grizzlies,41%,+175,0.36,5.0,2,MEM,MEM,121.0,w,w,175.0,100.0,-552,-1950
01/14/2020,Knicks,5%,+1100,0.08,16.5,18.5,,,102.0,l,l,0.0,0.0,-552,-1950
,Bucks,95%,-2500,0.96,-16.5,-18.5,,MIL,128.0,w,w,0.0,100.0,-552,-1950
01/14/2020,Cavaliers,8%,+1000,0.09,15.0,15.5,,,103.0,l,l,0.0,0.0,-552,-1950
,Clippers,92%,-2000,0.95,-15.0,-15.5,,LAC,128.0,w,w,0.0,100.0,-552,-1950
01/14/2020,Mavericks,78%,-350,0.78,-8.0,-7.5,,,124.0,w,w,0.0,0.0,-552,-1950
,Warriors,23%,+270,0.27,8.0,7.5,,GS,97.0,l,l,0.0,-110.0,-552,-1950
01/15/2020,Nets,18%,+280,0.26,7.5,+9.5,,,106.0,l,l,0.0,0.0,-552,-1950
,76ers,82%,-340,0.77,-7.5,-9.5,PHI,PHI,117.0,w,w,100.0,100.0,-552,-1950
01/15/2020,Pistons,12%,+425,0.19,10.0,+12.5,,,116.0,w,w,0.0,0.0,-552,-1950
,Celtics,88%,-550,0.85,-10.0,-12.5,BOS,BOS,103.0,l,l,-550.0,-110.0,-552,-1950
01/15/2020,Spurs,28%,+180,0.36,5.0,+6,,,100.0,l,l,0.0,0.0,-552,-1950
,Heat,72%,-220,0.69,-5.0,-6,MIA,MIA,106.0,w,w,100.0,100.0,-552,-1950
01/15/2020,Pacers,46%,-140,0.58,-2.5,+1,,,104.0,w,w,0.0,0.0,-552,-1950
,Timberwolves,54%,+120,0.45,2.5,-1,MIN,MIN,99.0,l,l,-100.0,-110.0,-552,-1950
01/15/2020,Raptors,45%,+105,0.49,1.5,+1,,TOR,130.0,w,w,0.0,100.0,-552,-1950
,Thunder,55%,-125,0.56,-1.5,-1,,,121.0,l,l,0.0,0.0,-552,-1950
01/15/2020,Wizards,43%,+165,0.38,4.5,+2,WSH,WSH,106.0,l,l,-100.0,-110.0,-552,-1950
,Bulls,57%,-185,0.65,-4.5,-2,,,115.0,w,w,0.0,0.0,-552,-1950
01/15/2020,Hornets,7%,+500,0.17,11.0,+16,,,86.0,l,l,0.0,0.0,-552,-1950
,Nuggets,93%,-700,0.88,-11.0,-16,DEN,DEN,100.0,w,w,100.0,100.0,-552,-1950
01/15/2020,Trail Blazers,20%,+300,0.25,8.0,+8.5,,,117.0,w,w,0.0,0.0,-552,-1950
,Rockets,80%,-400,0.8,-8.0,-8.5,,HOU,107.0,l,l,0.0,-110.0,-552,-1950
01/15/2020,Mavericks,58%,-170,0.63,-4.0,-2,,,127.0,w,push,0.0,0.0,-552,-1950
,Kings,42%,+150,0.4,4.0,+2,SAC,SAC,123.0,l,push,-100.0,0.0,-552,-1950
01/15/2020,Magic,20%,+400,0.2,10.0,+8.5,,ORL,119.0,w,w,0.0,100.0,-552,-1950
,Lakers,80%,-550,0.85,-10.0,-8.5,,,118.0,l,l,0.0,0.0,-552,-1950
01/16/2020,Suns,58%,-150,0.6,-3.0,-2,,,121.0,w,w,0.0,0.0,-552,-1950
,Knicks,42%,+130,0.43,3.0,+2,,NY,98.0,l,l,0.0,-110.0,-552,-1950
01/16/2020,Celtics,16%,+375,0.21,9.5,+10.5,,,123.0,l,w,0.0,0.0,-552,-1950
,Bucks,84%,-500,0.83,-9.5,-10.5,MIL,MIL,128.0,w,l,100.0,-110.0,-552,-1950
01/16/2020,Jazz,49%,-200,0.67,-5.0,PK,,,132.0,l,l,0.0,0.0,-552,-1950
,Pelicans,51%,+170,0.37,5.0,PK,NO,,138.0,w,w,170.0,0.0,-552,-1950
01/16/2020,Magic,13%,+500,0.17,11.5,+12,,,95.0,l,l,0.0,0.0,-552,-1950
,Clippers,87%,-700,0.88,-11.5,-12,,LAC,122.0,w,w,0.0,100.0,-552,-1950
01/16/2020,Nuggets,62%,-200,0.67,-5.0,-3,,,134.0,w,l,0.0,0.0,-552,-1950
,Warriors,38%,+170,0.37,5.0,+3,GS,GS,131.0,l,w,-100.0,100.0,-552,-1950
01/17/2020,Bulls,16%,+245,0.29,7.0,+10.5,,,89.0,l,l,0.0,0.0,-552,-1950
,76ers,84%,-290,0.74,-7.0,-10.5,PHI,PHI,100.0,w,w,100.0,100.0,-552,-1950
01/17/2020,Wizards,18%,+425,0.19,10.5,+9,,WSH,111.0,l,l,0.0,-110.0,-552,-1950
,Raptors,82%,-600,0.86,-10.5,-9,,,140.0,w,w,0.0,0.0,-552,-1950
01/17/2020,Timberwolves,28%,+300,0.25,8.5,+6,MIN,MIN,114.0,l,w,-100.0,100.0,-552,-1950
,Pacers,72%,-400,0.8,-8.5,-6,,,116.0,w,l,0.0,0.0,-552,-1950
01/17/2020,Heat,31%,+105,0.49,1.5,+5,,,115.0,w,w,0.0,0.0,-552,-1950
,Thunder,69%,-125,0.56,-1.5,-5,OKC,OKC,108.0,l,l,-125.0,-110.0,-552,-1950
01/17/2020,Cavaliers,21%,+280,0.26,8.0,+8.5,,,109.0,l,w,0.0,0.0,-552,-1950
,Grizzlies,79%,-340,0.77,-8.0,-8.5,MEM,MEM,113.0,w,l,100.0,-110.0,-552,-1950
01/17/2020,Hawks,30%,+290,0.26,8.5,+5.5,ATL,ATL,121.0,w,w,290.0,100.0,-552,-1950
,Spurs,70%,-350,0.78,-8.5,-5.5,,,120.0,l,l,0.0,0.0,-552,-1950
01/17/2020,Trail Blazers,20%,+260,0.28,7.5,+8.5,,,112.0,l,l,0.0,0.0,-552,-1950
,Mavericks,80%,-320,0.76,-7.5,-8.5,DAL,DAL,120.0,w,w,100.0,100.0,-552,-1950
01/21/2020,Clippers,38%,+105,0.49,1.5,+3,,,110.0,w,w,0.0,0.0,-552,-1950
,Mavericks,62%,-125,0.56,-1.5,-3,DAL,DAL,107.0,l,l,-125.0,-110.0,-552,-1950
01/22/2020,Kings,49%,-105,0.51,1.0,+0.5,,SAC,106.0,l,l,0.0,-110.0,-552,-1950
,Pistons,51%,-115,0.53,-1.0,-0.5,,,127.0,w,w,0.0,0.0,-552,-1950
01/22/2020,Thunder,47%,+100,0.5,1.5,+1,,OKC,120.0,w,w,0.0,100.0,-552,-1950
,Magic,53%,-120,0.55,-1.5,-1,,,114.0,l,l,0.0,0.0,-552,-1950
01/22/2020,Wizards,38%,+450,0.18,10.0,+3,WSH,WSH,129.0,l,w,-100.0,100.0,-552,-1950
,Heat,62%,-650,0.87,-10.0,-3,,,134.0,w,l,0.0,0.0,-552,-1950
01/22/2020,Lakers,84%,-700,0.88,-11.0,-10.5,,,100.0,w,l,0.0,0.0,-552,-1950
,Knicks,16%,+500,0.17,11.0,+10.5,,NY,92.0,l,w,0.0,100.0,-552,-1950
01/22/2020,76ers,33%,+220,0.31,6.5,+4.5,PHI,PHI,95.0,l,l,-100.0,-110.0,-552,-1950
,Raptors,68%,-270,0.73,-6.5,-4.5,,,107.0,w,w,0.0,0.0,-552,-1950
01/22/2020,Clippers,66%,-170,0.63,-4.0,-4,LAC,,95.0,l,l,-170.0,0.0,-552,-1950
,Hawks,34%,+150,0.4,4.0,+4,,,102.0,w,w,0.0,0.0,-552,-1950
01/22/2020,Grizzlies,17%,+230,0.3,7.0,+9.5,,,95.0,l,l,0.0,0.0,-552,-1950
,Celtics,83%,-280,0.74,-7.0,-9.5,BOS,BOS,119.0,w,w,100.0,100.0,-552,-1950
01/22/2020,Spurs,20%,+145,0.41,3.5,+8.5,,,121.0,w,w,0.0,0.0,-552,-1950
,Pelicans,80%,-165,0.62,-3.5,-8.5,NO,NO,117.0,l,l,-165.0,-110.0,-552,-1950
01/22/2020,Nuggets,20%,+325,0.24,8.5,+8.5,,,105.0,l,l,0.0,0.0,-552,-1950
,Rockets,80%,-425,0.81,-8.5,-8.5,,,121.0,w,w,0.0,0.0,-552,-1950
01/22/2020,Timberwolves,51%,-115,0.53,-1.0,-0.5,,,110.0,l,l,0.0,0.0,-552,-1950
,Bulls,49%,-105,0.51,1.0,+0.5,,CHI,117.0,w,w,0.0,100.0,-552,-1950
01/22/2020,Pacers,38%,-115,0.53,-1.0,+3,,,112.0,w,w,0.0,0.0,-552,-1950
,Suns,62%,-105,0.51,1.0,-3,PHX,PHX,87.0,l,l,-105.0,-110.0,-552,-1950
01/22/2020,Jazz,72%,-360,0.78,-8.0,-6,,,129.0,w,w,0.0,0.0,-552,-1950
,Warriors,28%,+280,0.26,8.0,+6,GS,GS,96.0,l,l,-100.0,-110.0,-552,-1950
01/23/2020,Wizards,42%,+105,0.49,1.5,+2,,,124.0,w,w,0.0,0.0,-552,-1950
,Cavaliers,58%,-125,0.56,-1.5,-2,CLE,CLE,112.0,l,l,-125.0,-110.0,-552,-1950
01/23/2020,Lakers,70%,-250,0.71,-5.5,-5,,,128.0,w,w,0.0,0.0,-552,-1950
,Nets,31%,+200,0.33,5.5,+5,,BKN,113.0,l,l,0.0,-110.0,-552,-1950
01/23/2020,Mavericks,62%,-175,0.64,-4.0,-3,,,133.0,w,w,0.0,0.0,-552,-1950
,Trail Blazers,38%,+155,0.39,4.0,+3,,POR,125.0,l,l,0.0,-110.0,-552,-1950
01/24/2020,Bucks,92%,-1100,0.92,-13.5,-15,,MIL,116.0,w,l,0.0,-110.0,-552,-1950
,Hornets,8%,+700,0.12,13.5,+15,,,103.0,l,w,0.0,0.0,-552,-1950
01/24/2020,Celtics,44%,-105,0.51,1.0,+1.5,,,109.0,w,w,0.0,0.0,-552,-1950
,Magic,56%,-115,0.53,-1.0,-1.5,ORL,ORL,98.0,l,l,-115.0,-110.0,-552,-1950
01/24/2020,Grizzlies,43%,-105,0.51,1.0,+2,,,125.0,w,w,0.0,0.0,-552,-1950
,Pistons,57%,-115,0.53,-1.0,-2,DET,DET,112.0,l,l,-115.0,-110.0,-552,-1950
01/24/2020,Raptors,81%,-360,0.78,-8.0,-9,TOR,TOR,118.0,w,l,100.0,-110.0,-552,-1950
,Knicks,19%,+280,0.26,8.0,+9,,,112.0,l,w,0.0,0.0,-552,-1950
01/24/2020,Kings,43%,+110,0.48,2.5,+2,,SAC,98.0,w,w,0.0,100.0,-552,-1950
,Bulls,57%,-130,0.57,-2.5,-2,,,81.0,l,l,0.0,0.0,-552,-1950
01/24/2020,Clippers,49%,-145,0.59,-3.0,PK,,,122.0,w,w,0.0,0.0,-552,-1950
,Heat,51%,+125,0.44,3.0,PK,MIA,,117.0,l,l,-100.0,0.0,-552,-1950
01/24/2020,Rockets,60%,-220,0.69,-5.0,-2.5,,,131.0,w,w,0.0,0.0,-552,-1950
,Timberwolves,40%,+190,0.34,5.0,+2.5,MIN,MIN,124.0,l,l,-100.0,-110.0,-552,-1950
01/24/2020,Nuggets,34%,+140,0.42,3.5,+4,,,113.0,w,w,0.0,0.0,-552,-1950
,Pelicans,66%,-160,0.62,-3.5,-4,NO,NO,106.0,l,l,-160.0,-110.0,-552,-1950
01/24/2020,Hawks,13%,+500,0.17,11.0,+12,,,111.0,l,l,0.0,0.0,-552,-1950
,Thunder,87%,-700,0.88,-11.0,-12,,OKC,140.0,w,w,0.0,100.0,-552,-1950
01/24/2020,Suns,41%,+160,0.38,4.0,+2,PHX,PHX,103.0,w,w,160.0,100.0,-552,-1950
,Spurs,59%,-180,0.64,-4.0,-2,,,99.0,l,l,0.0,0.0,-552,-1950
01/24/2020,Pacers,58%,-250,0.71,-6.0,-2,,,129.0,w,w,0.0,0.0,-552,-1950
,Warriors,42%,+200,0.33,6.0,+2,GS,GS,118.0,l,l,-100.0,-110.0,-552,-1950
01/27/2020,Cavaliers,31%,+240,0.29,7.0,+5,CLE,CLE,115.0,w,w,240.0,100.0,-552,-1950
,Pistons,69%,-300,0.75,-7.0,-5,,,100.0,l,l,0.0,0.0,-552,-1950
01/27/2020,Magic,35%,+180,0.36,5.5,+4,,ORL,92.0,l,l,0.0,-110.0,-552,-1950
,Heat,65%,-220,0.69,-5.5,-4,,,113.0,w,w,0.0,0.0,-552,-1950
01/27/2020,Mavericks,53%,-120,0.55,-1.0,-0.5,,,107.0,w,w,0.0,0.0,-552,-1950
,Thunder,47%,+100,0.5,1.0,+0.5,,OKC,97.0,l,l,0.0,-110.0,-552,-1950
01/27/2020,Kings,30%,+130,0.43,3.0,+5.5,,,133.0,w,w,0.0,0.0,-552,-1950
,Timberwolves,70%,-150,0.6,-3.0,-5.5,MIN,MIN,129.0,l,l,-150.0,-110.0,-552,-1950
01/27/2020,Spurs,43%,-135,0.57,-2.0,+1.5,,,109.0,l,l,0.0,0.0,-552,-1950
,Bulls,57%,+115,0.47,2.0,-1.5,CHI,CHI,110.0,w,w,115.0,100.0,-552,-1950
01/27/2020,Rockets,33%,+700,0.12,12.5,+4.5,HOU,HOU,126.0,w,w,700.0,100.0,-552,-1950
,Jazz,67%,-1100,0.92,-12.5,-4.5,,,117.0,l,l,0.0,0.0,-552,-1950
01/28/2020,Knicks,38%,+100,0.5,1.5,+3,,,92.0,l,l,0.0,0.0,-552,-1950
,Hornets,62%,-120,0.55,-1.5,-3,CHA,CHA,97.0,w,w,100.0,100.0,-552,-1950
01/28/2020,Warriors,11%,+650,0.13,12.0,+12.5,,,104.0,l,w,0.0,0.0,-552,-1950
,76ers,89%,-1000,0.91,-12.0,-12.5,,PHI,115.0,w,l,0.0,-110.0,-552,-1950
01/28/2020,Celtics,52%,+105,0.49,1.5,-0.5,BOS,BOS,109.0,w,w,105.0,100.0,-552,-1950
,Heat,48%,-125,0.56,-1.5,+0.5,,,101.0,l,l,0.0,0.0,-552,-1950
01/28/2020,Pelicans,75%,-340,0.77,-8.0,-6.5,,,125.0,w,w,0.0,0.0,-552,-1950
,Cavaliers,25%,+280,0.26,8.0,+6.5,,CLE,111.0,l,l,0.0,-110.0,-552,-1950
01/28/2020,Hawks,11%,+650,0.13,12.5,+13,,,114.0,l,l,0.0,0.0,-552,-1950
,Raptors,89%,-1000,0.91,-12.5,-13,,TOR,130.0,w,w,0.0,100.0,-552,-1950
01/28/2020,Nuggets,51%,+105,0.49,1.5,PK,DEN,,96.0,l,l,-100.0,0.0,-552,-1950
,Grizzlies,49%,-125,0.56,-1.5,PK,,,104.0,w,w,0.0,0.0,-552,-1950
01/28/2020,Wizards,11%,+1200,0.08,16.0,+13,WSH,WSH,131.0,l,l,-100.0,-110.0,-552,-1950
,Bucks,89%,-3000,0.97,-16.0,-13,,,151.0,w,w,0.0,0.0,-552,-1950
01/28/2020,Suns,22%,+250,0.29,7.5,+8,,,133.0,w,w,0.0,0.0,-552,-1950
,Mavericks,78%,-300,0.75,-7.5,-8,DAL,DAL,104.0,l,l,-300.0,-110.0,-552,-1950
01/29/2020,Bulls,20%,+350,0.22,9.0,+8.5,,CHI,106.0,l,push,0.0,0.0,-552,-1950
,Pacers,80%,-450,0.82,-9.0,-8.5,,,115.0,w,push,0.0,0.0,-552,-1950
01/29/2020,Pistons,22%,+225,0.31,6.5,+8,,,115.0,l,l,0.0,0.0,-552,-1950
,Nets,78%,-265,0.73,-6.5,-8,BKN,BKN,125.0,w,w,100.0,100.0,-552,-1950
01/29/2020,Grizzlies,57%,-140,0.58,-2.5,-1.5,,,127.0,w,w,0.0,0.0,-552,-1950
,Knicks,43%,+120,0.45,2.5,+1.5,,NY,106.0,l,l,0.0,-110.0,-552,-1950
01/29/2020,Jazz,63%,-200,0.67,-5.0,-3.5,,,120.0,l,l,0.0,0.0,-552,-1950
,Spurs,37%,+175,0.36,5.0,+3.5,SA,SA,127.0,w,w,175.0,100.0,-552,-1950
01/29/2020,Thunder,49%,-150,0.6,-3.0,+0.5,,,120.0,w,w,0.0,0.0,-552,-1950
,Kings,51%,+130,0.43,3.0,-0.5,SAC,SAC,100.0,l,l,-100.0,-110.0,-552,-1950
01/29/2020,Rockets,68%,-130,0.57,-2.0,-4.5,HOU,HOU,112.0,l,l,-130.0,-110.0,-552,-1950
,Trail Blazers,32%,+110,0.48,2.0,+4.5,,,125.0,w,w,0.0,0.0,-552,-1950
01/30/2020,Raptors,69%,-550,0.85,-10.0,-5,,,115.0,w,l,0.0,0.0,-552,-1950
,Cavaliers,31%,+425,0.19,10.0,+5,CLE,CLE,109.0,l,w,-100.0,100.0,-552,-1950
01/30/2020,Hornets,23%,+155,0.39,4.0,+7.5,,,107.0,l,l,0.0,0.0,-552,-1950
,Wizards,77%,-175,0.64,-4.0,-7.5,WSH,WSH,121.0,w,w,100.0,100.0,-552,-1950
01/30/2020,76ers,70%,-300,0.75,-7.0,-5.5,,,117.0,l,l,0.0,0.0,-552,-1950
,Hawks,30%,+240,0.29,7.0,+5.5,ATL,ATL,127.0,w,w,240.0,100.0,-552,-1950
01/30/2020,Warriors,16%,+650,0.13,12.5,+10,GS,GS,104.0,l,l,-100.0,-110.0,-552,-1950
,Celtics,84%,-1000,0.91,-12.5,-10,,,119.0,w,w,0.0,0.0,-552,-1950
01/30/2020,Kings,12%,+800,0.11,13.5,+12.5,SAC,SAC,124.0,w,w,800.0,100.0,-552,-1950
,Clippers,88%,-1400,0.93,-13.5,-12.5,,,103.0,l,l,0.0,0.0,-552,-1950
01/30/2020,Jazz,32%,+105,0.49,1.5,+4.5,,,100.0,l,l,0.0,0.0,-552,-1950
,Nuggets,68%,-125,0.56,-1.5,-4.5,DEN,DEN,106.0,w,w,100.0,100.0,-552,-1950
01/31/2020,Raptors,62%,-190,0.66,-4.5,-3,,,105.0,w,w,0.0,0.0,-552,-1950
,Pistons,38%,+160,0.38,4.5,+3,,DET,92.0,l,l,0.0,-110.0,-552,-1950
01/31/2020,Bulls,25%,+190,0.34,5.5,+7,,,118.0,l,l,0.0,0.0,-552,-1950
,Nets,75%,-240,0.71,-5.5,-7,BKN,BKN,133.0,w,w,100.0,100.0,-552,-1950
01/31/2020,Mavericks,19%,+400,0.2,9.5,+9,,DAL,121.0,l,w,0.0,100.0,-552,-1950
,Rockets,81%,-500,0.83,-9.5,-9,,,128.0,w,l,0.0,0.0,-552,-1950
01/31/2020,Grizzlies,22%,+210,0.32,6.0,+7.5,,,111.0,l,l,0.0,0.0,-552,-1950
,Pelicans,78%,-250,0.71,-6.0,-7.5,NO,NO,139.0,w,w,100.0,100.0,-552,-1950
01/31/2020,Thunder,46%,-115,0.53,-1.0,+1,,,111.0,w,w,0.0,0.0,-552,-1950
,Suns,54%,-105,0.51,1.0,-1,PHX,PHX,107.0,l,l,-105.0,-110.0,-552,-1950
01/31/2020,Nuggets,28%,+450,0.18,10.0,+5.5,DEN,DEN,127.0,w,w,450.0,100.0,-552,-1950
,Bucks,72%,-600,0.86,-10.0,-5.5,,,115.0,l,l,0.0,0.0,-552,-1950
01/31/2020,Trail Blazers,15%,+700,0.12,13.0,+10.5,POR,POR,127.0,w,w,700.0,100.0,-552,-1950
,Lakers,85%,-1100,0.92,-13.0,-10.5,,,119.0,l,l,0.0,0.0,-552,-1950
02/03/2020,Knicks,34%,+110,0.48,2.0,+4,,,139.0,w,w,0.0,0.0,-552,-1950
,Cavaliers,66%,-130,0.57,-2.0,-4,CLE,CLE,134.0,l,l,-130.0,-110.0,-552,-1950
02/03/2020,Warriors,30%,+180,0.36,5.5,+5.5,,,125.0,w,w,0.0,0.0,-552,-1950
,Wizards,70%,-220,0.69,-5.5,-5.5,WSH,,117.0,l,l,-220.0,0.0,-552,-1950
02/03/2020,Mavericks,35%,+175,0.36,5.0,+4,,DAL,112.0,w,w,0.0,100.0,-552,-1950
,Pacers,65%,-210,0.68,-5.0,-4,,,103.0,l,l,0.0,0.0,-552,-1950
02/03/2020,Magic,66%,-185,0.65,-4.5,-4,ORL,,112.0,w,w,100.0,0.0,-552,-1950
,Hornets,34%,+165,0.38,4.5,+4,,CHA,100.0,l,l,0.0,-110.0,-552,-1950
02/03/2020,Suns,44%,+120,0.45,2.5,+1.5,,PHX,97.0,l,l,0.0,-110.0,-552,-1950
,Nets,56%,-140,0.58,-2.5,-1.5,,,119.0,w,w,0.0,0.0,-552,-1950
02/03/2020,76ers,51%,+120,0.45,2.5,-0.5,PHI,PHI,106.0,l,l,-100.0,-110.0,-552,-1950
,Heat,49%,-140,0.58,-2.5,+0.5,,,137.0,w,w,0.0,0.0,-552,-1950
02/03/2020,Celtics,57%,-270,0.73,-6.5,-2,,,123.0,w,w,0.0,0.0,-552,-1950
,Hawks,43%,+230,0.3,6.5,+2,ATL,ATL,115.0,l,l,-100.0,-110.0,-552,-1950
02/03/2020,Pistons,20%,+280,0.26,8.0,+8.5,,,82.0,l,l,0.0,0.0,-552,-1950
,Grizzlies,80%,-340,0.77,-8.0,-8.5,MEM,MEM,96.0,w,w,100.0,100.0,-552,-1950
02/03/2020,Timberwolves,41%,+110,0.48,2.0,+2.5,,,109.0,l,l,0.0,0.0,-552,-1950
,Kings,59%,-130,0.57,-2.0,-2.5,SAC,SAC,113.0,w,w,100.0,100.0,-552,-1950
02/03/2020,Spurs,12%,+375,0.21,9.0,+12.5,,,105.0,l,w,0.0,0.0,-552,-1950
,Clippers,88%,-500,0.83,-9.0,-12.5,LAC,LAC,108.0,w,l,100.0,-110.0,-552,-1950
02/04/2020,Bucks,48%,-250,0.71,-6.5,+0.5,,,120.0,w,w,0.0,0.0,-552,-1950
,Pelicans,52%,+210,0.32,6.5,-0.5,NO,NO,108.0,l,l,-100.0,-110.0,-552,-1950
02/04/2020,Hornets,6%,+800,0.11,14.0,+17,,,110.0,l,l,0.0,0.0,-552,-1950
,Rockets,94%,-1400,0.93,-14.0,-17,HOU,HOU,125.0,w,w,100.0,100.0,-552,-1950
02/04/2020,Trail Blazers,24%,+155,0.39,4.5,+7,,,99.0,l,l,0.0,0.0,-552,-1950
,Nuggets,76%,-185,0.65,-4.5,-7,DEN,DEN,127.0,w,w,100.0,100.0,-552,-1950
02/04/2020,Spurs,12%,+600,0.14,12.0,+12.5,,,102.0,l,l,0.0,0.0,-552,-1950
,Lakers,88%,-900,0.9,-12.0,-12.5,,LAL,129.0,w,w,0.0,100.0,-552,-1950
02/05/2020,Suns,55%,-145,0.59,-2.5,-1.5,,,108.0,l,l,0.0,0.0,-552,-1950
,Pistons,45%,+125,0.44,2.5,+1.5,DET,DET,116.0,w,w,125.0,100.0,-552,-1950
02/05/2020,Warriors,34%,+240,0.29,7.0,+4,GS,GS,88.0,l,l,-100.0,-110.0,-552,-1950
,Nets,66%,-300,0.75,-7.0,-4,,,129.0,w,w,0.0,0.0,-552,-1950
02/05/2020,Pacers,29%,+210,0.32,6.0,+5.5,,IND,118.0,l,w,0.0,100.0,-552,-1950
,Raptors,71%,-250,0.71,-6.0,-5.5,,,119.0,w,l,0.0,0.0,-552,-1950
02/05/2020,Magic,38%,+300,0.25,8.5,+3,ORL,ORL,100.0,l,l,-100.0,-110.0,-552,-1950
,Celtics,62%,-400,0.8,-8.5,-3,,,116.0,w,w,0.0,0.0,-552,-1950
02/05/2020,Hawks,31%,+180,0.36,5.0,+5,,,127.0,w,w,0.0,0.0,-552,-1950
,Timberwolves,69%,-220,0.69,-5.0,-5,,,120.0,l,l,0.0,0.0,-552,-1950
02/05/2020,Cavaliers,12%,+650,0.13,12.5,+12.5,,,103.0,l,w,0.0,0.0,-552,-1950
,Thunder,88%,-1000,0.91,-12.5,-12.5,,,109.0,w,l,0.0,0.0,-552,-1950
02/05/2020,Grizzlies,28%,+170,0.37,5.0,+6,,,121.0,w,w,0.0,0.0,-552,-1950
,Mavericks,72%,-200,0.67,-5.0,-6,DAL,DAL,107.0,l,l,-200.0,-110.0,-552,-1950
02/05/2020,Nuggets,27%,+350,0.22,9.0,+6,DEN,DEN,98.0,w,w,350.0,100.0,-552,-1950
,Jazz,73%,-450,0.82,-9.0,-6,,,95.0,l,l,0.0,0.0,-552,-1950
02/05/2020,Heat,17%,+230,0.3,6.5,+10,,,111.0,l,l,0.0,0.0,-552,-1950
,Clippers,83%,-270,0.73,-6.5,-10,LAC,LAC,128.0,w,w,100.0,100.0,-552,-1950
02/06/2020,Magic,60%,-145,0.59,-2.5,-2.5,ORL,,103.0,l,l,-145.0,0.0,-552,-1950
,Knicks,40%,+125,0.44,2.5,+2.5,,,105.0,w,w,0.0,0.0,-552,-1950
02/06/2020,Pelicans,68%,-200,0.67,-5.0,-4.5,NO,,125.0,w,w,100.0,0.0,-552,-1950
,Bulls,32%,+170,0.37,5.0,+4.5,,CHI,119.0,l,l,0.0,-110.0,-552,-1950
02/06/2020,76ers,34%,+350,0.22,8.5,+4,PHI,PHI,101.0,l,l,-100.0,-110.0,-552,-1950
,Bucks,66%,-450,0.82,-8.5,-4,,,112.0,w,w,0.0,0.0,-552,-1950
02/06/2020,Spurs,32%,+140,0.42,3.5,+4.5,,,117.0,l,l,0.0,0.0,-552,-1950
,Trail Blazers,68%,-160,0.62,-3.5,-4.5,POR,POR,125.0,w,w,100.0,100.0,-552,-1950
02/06/2020,Rockets,30%,+260,0.28,7.5,+5.5,HOU,HOU,121.0,w,w,260.0,100.0,-552,-1950
,Lakers,70%,-320,0.76,-7.5,-5.5,,,111.0,l,l,0.0,0.0,-552,-1950
02/07/2020,Mavericks,48%,-140,0.58,-2.5,+0.5,,,118.0,l,l,0.0,0.0,-552,-1950
,Wizards,52%,+120,0.45,2.5,-0.5,WSH,WSH,119.0,w,w,120.0,100.0,-552,-1950
02/07/2020,Grizzlies,19%,+200,0.33,5.5,+9,,,107.0,l,l,0.0,0.0,-552,-1950
,76ers,81%,-250,0.71,-5.5,-9,PHI,PHI,119.0,w,w,100.0,100.0,-552,-1950
02/07/2020,Hawks,27%,+375,0.21,9.5,+6,ATL,ATL,107.0,l,w,-100.0,100.0,-552,-1950
,Celtics,73%,-500,0.83,-9.5,-6,,,112.0,w,l,0.0,0.0,-552,-1950
02/07/2020,Pistons,9%,+650,0.13,12.5,+14.5,,,101.0,l,w,0.0,0.0,-552,-1950
,Thunder,91%,-1000,0.91,-12.5,-14.5,,OKC,108.0,w,l,0.0,-110.0,-552,-1950
02/07/2020,Raptors,47%,-115,0.53,-1.0,+1,,,115.0,w,w,0.0,0.0,-552,-1950
,Pacers,53%,-105,0.51,1.0,-1,IND,IND,106.0,l,l,-105.0,-110.0,-552,-1950
02/07/2020,Rockets,48%,-135,0.57,-2.5,+0.5,,,91.0,l,l,0.0,0.0,-552,-1950
,Suns,52%,+115,0.47,2.5,-0.5,PHX,PHX,127.0,w,w,115.0,100.0,-552,-1950
02/07/2020,Heat,42%,-110,0.52,,+2,,,97.0,l,,0.0,0.0,-552,-1950
,Kings,58%,-110,0.52,,-2,SAC,,105.0,w,,100.0,0.0,-552,-1950
02/07/2020,Trail Blazers,17%,+320,0.24,8.5,+10,,,114.0,l,w,0.0,0.0,-552,-1950
,Jazz,83%,-400,0.8,-8.5,-10,UTA,UTA,117.0,w,l,100.0,-110.0,-552,-1950
02/11/2020,Bulls,24%,+135,0.43,3.0,+7,,,114.0,l,l,0.0,0.0,-552,-1950
,Wizards,76%,-155,0.61,-3.0,-7,WSH,WSH,126.0,w,w,100.0,100.0,-552,-1950
02/11/2020,Clippers,31%,-120,0.55,-1.0,+5,,,103.0,l,l,0.0,0.0,-552,-1950
,76ers,69%,+100,0.5,1.0,-5,PHI,PHI,110.0,w,w,100.0,100.0,-552,-1950
02/11/2020,Trail Blazers,25%,+120,0.45,2.5,+7,,,117.0,l,l,0.0,0.0,-552,-1950
,Pelicans,75%,-140,0.58,-2.5,-7,NO,NO,138.0,w,w,100.0,100.0,-552,-1950
02/11/2020,Spurs,20%,+275,0.27,8.0,+8.5,,,114.0,w,w,0.0,0.0,-552,-1950
,Thunder,80%,-350,0.78,-8.0,-8.5,OKC,OKC,106.0,l,l,-350.0,-110.0,-552,-1950
02/11/2020,Celtics,30%,+110,0.48,2.0,+5.5,,,105.0,l,l,0.0,0.0,-552,-1950
,Rockets,70%,-130,0.57,-2.0,-5.5,HOU,HOU,116.0,w,w,100.0,100.0,-552,-1950
02/12/2020,Pistons,14%,+260,0.28,7.5,+11.5,,,112.0,l,w,0.0,0.0,-552,-1950
,Magic,86%,-320,0.76,-7.5,-11.5,ORL,ORL,116.0,w,l,100.0,-110.0,-552,-1950
02/12/2020,Hawks,46%,-130,0.57,-2.0,+1,,,105.0,l,l,0.0,0.0,-552,-1950
,Cavaliers,54%,+110,0.48,2.0,-1,CLE,CLE,127.0,w,w,110.0,100.0,-552,-1950
02/12/2020,Wizards,56%,+130,0.43,3.0,-1.5,WSH,WSH,114.0,w,w,130.0,100.0,-552,-1950
,Knicks,44%,-150,0.6,-3.0,+1.5,,,96.0,l,l,0.0,0.0,-552,-1950
02/12/2020,Raptors,64%,-165,0.62,-3.5,-3.5,TOR,,91.0,l,l,-165.0,0.0,-552,-1950
,Nets,36%,+145,0.41,3.5,+3.5,,,101.0,w,w,0.0,0.0,-552,-1950
02/12/2020,Bucks,56%,-125,0.56,-1.0,-1.5,,MIL,111.0,l,l,0.0,-110.0,-552,-1950
,Pacers,44%,+105,0.49,1.0,+1.5,,,118.0,w,w,0.0,0.0,-552,-1950
02/12/2020,Hornets,19%,+300,0.25,8.5,+9,,,115.0,w,w,0.0,0.0,-552,-1950
,Timberwolves,81%,-400,0.8,-8.5,-9,MIN,MIN,108.0,l,l,-400.0,-110.0,-552,-1950
02/12/2020,Trail Blazers,37%,+140,0.42,3.5,+3,,POR,104.0,l,l,0.0,-110.0,-552,-1950
,Grizzlies,63%,-160,0.62,-3.5,-3,MEM,,111.0,w,w,100.0,0.0,-552,-1950
02/12/2020,Kings,26%,+300,0.25,8.5,+6.5,SAC,SAC,111.0,l,l,-100.0,-110.0,-552,-1950
,Mavericks,74%,-400,0.8,-8.5,-6.5,,,130.0,w,w,0.0,0.0,-552,-1950
02/12/2020,Warriors,16%,+250,0.29,7.5,+10.5,,,106.0,l,w,0.0,0.0,-552,-1950
,Suns,84%,-300,0.75,-7.5,-10.5,PHX,PHX,112.0,w,l,100.0,-110.0,-552,-1950
02/12/2020,Heat,28%,+170,0.37,4.5,+6,,,101.0,l,l,0.0,0.0,-552,-1950
,Jazz,72%,-200,0.67,-4.5,-6,UTA,UTA,116.0,w,w,100.0,100.0,-552,-1950
02/12/2020,Lakers,41%,-140,0.58,-2.5,+2.5,,,120.0,w,w,0.0,0.0,-552,-1950
,Nuggets,59%,+120,0.45,2.5,-2.5,DEN,DEN,116.0,l,l,-100.0,-110.0,-552,-1950
02/13/2020,Clippers,39%,-105,0.51,1.0,+3,,,133.0,l,l,0.0,0.0,-552,-1950
,Celtics,61%,-115,0.53,-1.0,-3,BOS,BOS,141.0,w,w,100.0,100.0,-552,-1950
02/13/2020,Thunder,34%,+145,0.41,3.5,+4,,,123.0,w,w,0.0,0.0,-552,-1950
,Pelicans,66%,-165,0.62,-3.5,-4,NO,NO,118.0,l,l,-165.0,-110.0,-552,-1950
02/20/2020,Bucks,84%,-1100,0.92,-13.0,-10.5,,,126.0,w,w,0.0,0.0,-552,-1950
,Pistons,16%,+700,0.12,13.0,+10.5,DET,DET,106.0,l,l,-100.0,-110.0,-552,-1950
02/20/2020,Heat,58%,-260,0.72,-6.5,-2,,,124.0,l,l,0.0,0.0,-552,-1950
,Hawks,42%,+220,0.31,6.5,+2,ATL,ATL,129.0,w,w,220.0,100.0,-552,-1950
02/20/2020,Hornets,29%,+160,0.38,4.5,+5.5,,,103.0,w,w,0.0,0.0,-552,-1950
,Bulls,71%,-190,0.66,-4.5,-5.5,CHI,CHI,93.0,l,l,-190.0,-110.0,-552,-1950
02/20/2020,Nets,10%,+300,0.25,8.0,+13.5,,,104.0,l,push,0.0,0.0,-552,-1950
,76ers,90%,-400,0.8,-8.0,-13.5,PHI,PHI,112.0,w,push,100.0,0.0,-552,-1950
02/20/2020,Grizzlies,32%,-120,0.55,-1.0,+5,,,125.0,l,l,0.0,0.0,-552,-1950
,Kings,68%,+100,0.5,1.0,-5,SAC,SAC,129.0,w,w,100.0,100.0,-552,-1950
02/20/2020,Rockets,86%,-500,0.83,-10.0,-11,HOU,HOU,135.0,w,w,100.0,100.0,-552,-1950
,Warriors,14%,+375,0.21,10.0,+11,,,105.0,l,l,0.0,0.0,-552,-1950
02/21/2020,Cavaliers,23%,+200,0.33,6.0,+7.5,,,113.0,w,w,0.0,0.0,-552,-1950
,Wizards,77%,-240,0.71,-6.0,-7.5,WSH,WSH,108.0,l,l,-240.0,-110.0,-552,-1950
02/21/2020,Mavericks,52%,-170,0.63,-4.0,-0.5,,,122.0,w,w,0.0,0.0,-552,-1950
,Magic,48%,+150,0.4,4.0,+0.5,ORL,ORL,106.0,l,l,-100.0,-110.0,-552,-1950
02/21/2020,Suns,24%,+260,0.28,7.5,+7,,PHX,101.0,l,l,0.0,-110.0,-552,-1950
,Raptors,76%,-320,0.76,-7.5,-7,,,118.0,w,w,0.0,0.0,-552,-1950
02/21/2020,Pacers,74%,-250,0.71,-6.5,-6.5,IND,,106.0,w,w,100.0,0.0,-552,-1950
,Knicks,26%,+210,0.32,6.5,+6.5,,,98.0,l,l,0.0,0.0,-552,-1950
02/21/2020,Celtics,81%,-300,0.75,-7.0,-9,BOS,BOS,127.0,w,w,100.0,100.0,-552,-1950
,Timberwolves,19%,+240,0.29,7.0,+9,,,117.0,l,l,0.0,0.0,-552,-1950
02/21/2020,Nuggets,41%,+100,0.5,1.0,+2,,,101.0,l,l,0.0,0.0,-552,-1950
,Thunder,59%,-120,0.55,-1.0,-2,OKC,OKC,113.0,w,w,100.0,100.0,-552,-1950
02/21/2020,Spurs,20%,+240,0.29,7.0,+8.5,,,113.0,w,w,0.0,0.0,-552,-1950
,Jazz,80%,-300,0.75,-7.0,-8.5,UTA,UTA,104.0,l,l,-300.0,-110.0,-552,-1950
02/21/2020,Pelicans,54%,-185,0.65,-4.5,-1,,,128.0,w,w,0.0,0.0,-552,-1950
,Trail Blazers,46%,+165,0.38,4.5,+1,POR,POR,115.0,l,l,-100.0,-110.0,-552,-1950
02/21/2020,Grizzlies,10%,+550,0.15,11.0,+13.5,,,105.0,l,l,0.0,0.0,-552,-1950
,Lakers,90%,-800,0.89,-11.0,-13.5,LAL,LAL,117.0,w,w,100.0,100.0,-552,-1950
02/23/2020,Celtics,22%,+260,0.28,7.5,+8,,,112.0,l,w,0.0,0.0,-552,-1950
,Lakers,78%,-330,0.77,-7.5,-8,LAL,LAL,114.0,w,l,100.0,-110.0,-552,-1950
02/23/2020,Pacers,29%,+190,0.34,5.5,+5.5,,,81.0,l,l,0.0,0.0,-552,-1950
,Raptors,71%,-240,0.71,-5.5,-5.5,,,127.0,w,w,0.0,0.0,-552,-1950
02/23/2020,Timberwolves,4%,+700,0.12,13.0,+20,,,116.0,l,w,0.0,0.0,-552,-1950
,Nuggets,96%,-1100,0.92,-13.0,-20,DEN,DEN,128.0,w,l,100.0,-110.0,-552,-1950
02/23/2020,Spurs,22%,+180,0.36,5.0,+7.5,,,103.0,l,l,0.0,0.0,-552,-1950
,Thunder,78%,-220,0.69,-5.0,-7.5,OKC,OKC,131.0,w,w,100.0,100.0,-552,-1950
02/23/2020,Wizards,54%,-135,0.57,-2.0,-1,,,117.0,l,l,0.0,0.0,-552,-1950
,Bulls,46%,+115,0.47,2.0,+1,,CHI,126.0,w,w,0.0,100.0,-552,-1950
02/23/2020,Pelicans,86%,-500,0.83,-10.0,-11.5,NO,NO,115.0,w,w,100.0,100.0,-552,-1950
,Warriors,14%,+400,0.2,10.0,+11.5,,,101.0,l,l,0.0,0.0,-552,-1950
02/23/2020,Pistons,32%,+180,0.36,5.5,+5,,DET,104.0,l,w,0.0,100.0,-552,-1950
,Trail Blazers,68%,-220,0.69,-5.5,-5,,,107.0,w,l,0.0,0.0,-552,-1950
02/24/2020,Bucks,78%,-850,0.89,-12.5,-8,,,137.0,w,l,0.0,0.0,-552,-1950
,Wizards,22%,+570,0.15,12.5,+8,WSH,WSH,134.0,l,w,-100.0,100.0,-552,-1950
02/24/2020,Heat,69%,-235,0.7,-5.5,-5,,,119.0,l,l,0.0,0.0,-552,-1950
,Cavaliers,31%,+194,0.34,5.5,+5,,CLE,125.0,w,w,0.0,100.0,-552,-1950
02/24/2020,Hawks,13%,+270,0.27,-8.0,+12,,,112.0,l,l,0.0,0.0,-552,-1950
,76ers,87%,-340,0.77,8.0,-12,PHI,PHI,129.0,w,w,100.0,100.0,-552,-1950
02/24/2020,Magic,47%,+130,0.43,3.0,+0.5,ORL,ORL,115.0,w,w,130.0,100.0,-552,-1950
,Nets,53%,-150,0.6,-3.0,-0.5,,,113.0,l,l,0.0,0.0,-552,-1950
02/24/2020,Knicks,4%,+900,0.1,14.0,+19,,,112.0,l,w,0.0,0.0,-552,-1950
,Rockets,96%,-1500,0.94,-14.0,-19,HOU,HOU,123.0,w,l,100.0,-110.0,-552,-1950
02/24/2020,Timberwolves,5%,+580,0.15,-12.5,+18.5,,,123.0,l,l,0.0,0.0,-552,-1950
,Mavericks,95%,-850,0.89,12.5,-18.5,DAL,DAL,139.0,w,w,100.0,100.0,-552,-1950
02/24/2020,Suns,23%,+280,0.26,8.0,+7.5,,PHX,131.0,w,w,0.0,100.0,-552,-1950
,Jazz,77%,-360,0.78,-8.0,-7.5,,,111.0,l,l,0.0,0.0,-552,-1950
02/24/2020,Grizzlies,20%,,,,+8.5,,,97.0,l,,0.0,0.0,-552,-1950
,Clippers,80%,,,,-8.5,,,124.0,w,,0.0,0.0,-552,-1950
02/25/2020,Hornets,12%,+450,0.18,10.5,+12.5,,,80.0,l,l,0.0,0.0,-552,-1950
,Pacers,88%,-650,0.87,-10.5,-12.5,IND,IND,119.0,w,w,100.0,100.0,-552,-1950
02/25/2020,Bucks,35%,-120,0.55,-1.0,+3.5,,,108.0,w,w,0.0,0.0,-552,-1950
,Raptors,65%,+100,0.5,1.0,-3.5,TOR,TOR,97.0,l,l,-100.0,-110.0,-552,-1950
02/25/2020,Thunder,63%,-300,0.75,-7.5,-3,,,124.0,w,l,0.0,0.0,-552,-1950
,Bulls,37%,+250,0.29,7.5,+3,CHI,CHI,122.0,l,w,-100.0,100.0,-552,-1950
02/25/2020,Pistons,5%,+600,0.14,12.5,+18,,,98.0,l,l,0.0,0.0,-552,-1950
,Nuggets,95%,-900,0.9,-12.5,-18,DEN,DEN,115.0,w,w,100.0,100.0,-552,-1950
02/25/2020,Celtics,73%,-260,0.72,-6.5,-6.5,BOS,,118.0,w,w,100.0,0.0,-552,-1950
,Trail Blazers,27%,+210,0.32,6.5,+6.5,,,106.0,l,l,0.0,0.0,-552,-1950
02/25/2020,Pelicans,27%,+280,0.26,8.0,+6,NO,NO,109.0,l,l,-100.0,-110.0,-552,-1950
,Lakers,73%,-340,0.77,-8.0,-6,,,118.0,w,w,0.0,0.0,-552,-1950
02/25/2020,Kings,68%,-250,0.71,-6.0,-5,,,112.0,w,w,0.0,0.0,-552,-1950
,Warriors,32%,+210,0.32,6.0,+5,,GS,94.0,l,l,0.0,-110.0,-552,-1950
02/26/2020,76ers,77%,-320,0.76,-7.5,-7.5,PHI,,94.0,l,l,-320.0,0.0,-552,-1950
,Cavaliers,23%,+260,0.28,7.5,+7.5,,,108.0,w,w,0.0,0.0,-552,-1950
02/26/2020,Knicks,42%,-130,0.57,-2.0,+2,,,101.0,l,l,0.0,0.0,-552,-1950
,Hornets,58%,+110,0.48,2.0,-2,CHA,CHA,107.0,w,w,110.0,100.0,-552,-1950
02/26/2020,Nets,31%,-130,0.57,-2.0,+5,,,106.0,l,l,0.0,0.0,-552,-1950
,Wizards,69%,+110,0.48,2.0,-5,WSH,WSH,110.0,w,w,110.0,100.0,-552,-1950
02/26/2020,Magic,51%,-135,0.57,-2.5,PK,,,130.0,w,w,0.0,0.0,-552,-1950
,Hawks,49%,+115,0.47,2.5,PK,ATL,,120.0,l,l,-100.0,0.0,-552,-1950
02/26/2020,Mavericks,57%,-220,0.69,-5.0,-1.5,,,109.0,w,w,0.0,0.0,-552,-1950
,Spurs,43%,+180,0.36,5.0,+1.5,SA,SA,103.0,l,l,-100.0,-110.0,-552,-1950
02/26/2020,Timberwolves,14%,+425,0.19,10.0,+11,,,129.0,w,w,0.0,0.0,-552,-1950
,Heat,86%,-550,0.85,-10.0,-11,MIA,MIA,126.0,l,l,-550.0,-110.0,-552,-1950
02/26/2020,Grizzlies,10%,+500,0.17,11.5,+13.5,,,112.0,l,l,0.0,0.0,-552,-1950
,Rockets,90%,-700,0.88,-11.5,-13.5,HOU,HOU,140.0,w,w,100.0,100.0,-552,-1950
02/26/2020,Clippers,65%,-260,0.72,-6.5,-4,,,102.0,w,w,0.0,0.0,-552,-1950
,Suns,35%,+220,0.31,6.5,+4,PHX,PHX,92.0,l,l,-100.0,-110.0,-552,-1950
02/26/2020,Celtics,27%,+170,0.37,4.5,+6,,,114.0,w,w,0.0,0.0,-552,-1950
,Jazz,73%,-200,0.67,-4.5,-6,UTA,UTA,103.0,l,l,-200.0,-110.0,-552,-1950
02/27/2020,Knicks,8%,+210,0.32,6.0,+15,,,106.0,l,l,0.0,0.0,-552,-1950
,76ers,92%,-250,0.71,-6.0,-15,PHI,PHI,115.0,w,w,100.0,100.0,-552,-1950
02/27/2020,Kings,25%,+220,0.31,6.5,+7,,,108.0,l,w,0.0,0.0,-552,-1950
,Thunder,75%,-260,0.72,-6.5,-7,OKC,OKC,112.0,w,l,100.0,-110.0,-552,-1950
02/27/2020,Trail Blazers,13%,+375,0.21,9.5,+12,,,100.0,l,w,0.0,0.0,-552,-1950
,Pacers,87%,-500,0.83,-9.5,-12,IND,IND,106.0,w,l,100.0,-110.0,-552,-1950
02/27/2020,Lakers,85%,-550,0.85,-10.0,-10.5,,LAL,116.0,w,w,0.0,100.0,-552,-1950
,Warriors,15%,+425,0.19,10.0,+10.5,,,86.0,l,l,0.0,0.0,-552,-1950
02/28/2020,Timberwolves,19%,+270,0.27,7.5,+9,,,125.0,l,l,0.0,0.0,-552,-1950
,Magic,81%,-330,0.77,-7.5,-9,ORL,ORL,136.0,w,w,100.0,100.0,-552,-1950
02/28/2020,Hornets,8%,+800,0.11,14.0,+15,,,99.0,w,w,0.0,0.0,-552,-1950
,Raptors,92%,-1400,0.93,-14.0,-15,,TOR,96.0,l,l,0.0,-110.0,-552,-1950
02/28/2020,Nets,40%,-160,0.62,-3.5,+2.5,,,118.0,l,l,0.0,0.0,-552,-1950
,Hawks,60%,+140,0.42,3.5,-2.5,ATL,ATL,141.0,w,w,140.0,100.0,-552,-1950
02/28/2020,Cavaliers,9%,+650,0.13,12.5,+14.5,,,104.0,l,w,0.0,0.0,-552,-1950
,Pelicans,91%,-1000,0.91,-12.5,-14.5,,NO,116.0,w,l,0.0,-110.0,-552,-1950
02/28/2020,Kings,43%,+135,0.43,3.5,+1.5,,SAC,104.0,w,w,0.0,100.0,-552,-1950
,Grizzlies,57%,-155,0.61,-3.5,-1.5,,,101.0,l,l,0.0,0.0,-552,-1950
02/28/2020,Thunder,19%,+450,0.18,10.5,+9,OKC,OKC,86.0,l,l,-100.0,-110.0,-552,-1950
,Bucks,81%,-600,0.86,-10.5,-9,,,133.0,w,w,0.0,0.0,-552,-1950
02/28/2020,Mavericks,46%,+130,0.43,3.0,+1,DAL,DAL,118.0,l,l,-100.0,-110.0,-552,-1950
,Heat,54%,-150,0.6,-3.0,-1,,,126.0,w,w,0.0,0.0,-552,-1950
02/28/2020,Wizards,17%,+450,0.18,10.5,+10,,WSH,119.0,l,w,0.0,100.0,-552,-1950
,Jazz,83%,-600,0.86,-10.5,-10,,,129.0,w,l,0.0,0.0,-552,-1950
02/28/2020,Pistons,14%,+300,0.25,8.5,+11.5,,,113.0,w,w,0.0,0.0,-552,-1950
,Suns,86%,-400,0.8,-8.5,-11.5,PHX,PHX,111.0,l,l,-400.0,-110.0,-552,-1950
02/28/2020,Nuggets,28%,+200,0.33,6.0,+6,,,103.0,l,l,0.0,0.0,-552,-1950
,Clippers,72%,-240,0.71,-6.0,-6,LAC,,132.0,w,w,100.0,0.0,-552,-1950
03/01/2020,76ers,13%,+750,0.12,14.0,+11.5,PHI,PHI,130.0,l,w,-100.0,100.0,-552,-1950
,Clippers,87%,-1200,0.92,-14.0,-11.5,,,136.0,w,l,0.0,0.0,-552,-1950
03/01/2020,Mavericks,67%,-220,0.69,-5.5,-4.5,,,111.0,w,w,0.0,0.0,-552,-1950
,Timberwolves,33%,+180,0.36,5.5,+4.5,,MIN,91.0,l,l,0.0,-110.0,-552,-1950
03/01/2020,Pistons,13%,+280,0.26,8.0,+11.5,,,100.0,l,w,0.0,0.0,-552,-1950
,Kings,87%,-360,0.78,-8.0,-11.5,SAC,SAC,106.0,w,l,100.0,-110.0,-552,-1950
03/01/2020,Raptors,30%,+130,0.43,3.0,+5,,,118.0,l,l,0.0,0.0,-552,-1950
,Nuggets,70%,-150,0.6,-3.0,-5,DEN,DEN,133.0,w,w,100.0,100.0,-552,-1950
03/01/2020,Lakers,37%,-115,0.53,-1.0,+3.5,,,122.0,w,w,0.0,0.0,-552,-1950
,Pelicans,63%,-105,0.51,1.0,-3.5,NO,NO,114.0,l,l,-105.0,-110.0,-552,-1950
03/01/2020,Wizards,69%,-260,0.72,-6.5,-5,,,124.0,w,w,0.0,0.0,-552,-1950
,Warriors,31%,+220,0.31,6.5,+5,,GS,110.0,l,l,0.0,-110.0,-552,-1950
03/02/2020,Rockets,87%,-600,0.86,-10.0,-12,HOU,HOU,123.0,l,l,-600.0,-110.0,-552,-1950
,Knicks,13%,+425,0.19,10.0,+12,,,125.0,w,w,0.0,0.0,-552,-1950
03/02/2020,Trail Blazers,19%,+240,0.29,6.5,+9,,,130.0,w,w,0.0,0.0,-552,-1950
,Magic,81%,-300,0.75,-6.5,-9,ORL,ORL,107.0,l,l,-300.0,-110.0,-552,-1950
03/02/2020,Jazz,69%,-450,0.82,-8.5,-5,,,126.0,w,w,0.0,0.0,-552,-1950
,Cavaliers,31%,+325,0.24,8.5,+5,CLE,CLE,113.0,l,l,-100.0,-110.0,-552,-1950
03/02/2020,Grizzlies,40%,+110,0.48,2.0,+2.5,,,127.0,w,w,0.0,0.0,-552,-1950
,Hawks,60%,-130,0.57,-2.0,-2.5,ATL,ATL,88.0,l,l,-130.0,-110.0,-552,-1950
03/02/2020,Bucks,48%,-175,0.64,-4.0,+0.5,,,89.0,l,l,0.0,0.0,-552,-1950
,Heat,52%,+155,0.39,4.0,-0.5,MIA,MIA,105.0,w,w,155.0,100.0,-552,-1950
03/02/2020,Mavericks,62%,-220,0.69,-5.5,-3,,,107.0,l,l,0.0,0.0,-552,-1950
,Bulls,38%,+190,0.34,5.5,+3,CHI,CHI,109.0,w,w,190.0,100.0,-552,-1950
03/02/2020,Pacers,50%,-130,0.57,-2.0,PK,,,116.0,w,w,0.0,0.0,-552,-1950
,Spurs,50%,+110,0.48,2.0,PK,SA,,111.0,l,l,-100.0,0.0,-552,-1950
03/03/2020,Spurs,39%,-150,0.6,-3.0,+2.5,,,104.0,w,l,0.0,0.0,-552,-1950
,Hornets,61%,+130,0.43,3.0,-2.5,CHA,CHA,103.0,l,w,-100.0,100.0,-552,-1950
03/03/2020,Nets,15%,+350,0.22,9.0,+10.5,,,129.0,w,w,0.0,0.0,-552,-1950
,Celtics,85%,-450,0.82,-9.0,-10.5,BOS,BOS,120.0,l,l,-450.0,-110.0,-552,-1950
03/03/2020,Clippers,61%,-155,0.61,-3.5,-2.5,,,109.0,w,w,0.0,0.0,-552,-1950
,Thunder,39%,+135,0.43,3.5,+2.5,,OKC,94.0,l,l,0.0,-110.0,-552,-1950
03/03/2020,Timberwolves,11%,+550,0.15,11.5,+13,,,139.0,w,w,0.0,0.0,-552,-1950
,Pelicans,89%,-800,0.89,-11.5,-13,,NO,134.0,l,l,0.0,-110.0,-552,-1950
03/03/2020,Warriors,6%,+1000,0.09,15.5,+17,,,116.0,w,w,0.0,0.0,-552,-1950
,Nuggets,94%,-2000,0.95,-15.5,-17,,DEN,100.0,l,l,0.0,-110.0,-552,-1950
03/03/2020,Raptors,52%,-190,0.66,-4.5,-0.5,,,123.0,w,w,0.0,0.0,-552,-1950
,Suns,48%,+160,0.38,4.5,+0.5,PHX,PHX,114.0,l,l,-100.0,-110.0,-552,-1950
03/03/2020,76ers,18%,+700,0.12,12.5,+9.5,PHI,PHI,107.0,l,l,-100.0,-110.0,-552,-1950
,Lakers,82%,-1100,0.92,-12.5,-9.5,,,120.0,w,w,0.0,0.0,-552,-1950
03/03/2020,Wizards,28%,+180,0.36,5.0,+5.5,,,126.0,l,l,0.0,0.0,-552,-1950
,Kings,72%,-220,0.69,-5.0,-5.5,SAC,SAC,133.0,w,w,100.0,100.0,-552,-1950
03/04/2020,Celtics,56%,-170,0.63,-4.0,-1.5,,,112.0,w,w,0.0,0.0,-552,-1950
,Cavaliers,45%,+150,0.4,4.0,+1.5,CLE,CLE,106.0,l,l,-100.0,-110.0,-552,-1950
03/04/2020,Thunder,74%,-400,0.8,-8.5,-6.5,,,114.0,w,l,0.0,0.0,-552,-1950
,Pistons,26%,+300,0.25,8.5,+6.5,DET,DET,107.0,l,w,-100.0,100.0,-552,-1950
03/04/2020,Magic,26%,+240,0.29,7.0,+6.5,,ORL,113.0,l,w,0.0,100.0,-552,-1950
,Heat,74%,-300,0.75,-7.0,-6.5,,,116.0,w,l,0.0,0.0,-552,-1950
03/04/2020,Jazz,75%,-400,0.8,-8.5,-6.5,,,112.0,w,l,0.0,0.0,-552,-1950
,Knicks,25%,+300,0.25,8.5,+6.5,,NY,104.0,l,w,0.0,100.0,-552,-1950
03/04/2020,Grizzlies,46%,-105,0.51,1.5,+1,,MEM,118.0,w,w,0.0,100.0,-552,-1950
,Nets,54%,-115,0.53,-1.5,-1,BKN,,79.0,l,l,-115.0,0.0,-552,-1950
03/04/2020,Bulls,49%,+110,0.48,2.0,PK,CHI,,108.0,l,l,-100.0,0.0,-552,-1950
,Timberwolves,51%,-130,0.57,-2.0,PK,,,115.0,w,w,0.0,0.0,-552,-1950
03/04/2020,Pelicans,30%,+200,0.33,6.0,+5.5,,NO,123.0,l,w,0.0,100.0,-552,-1950
,Mavericks,70%,-250,0.71,-6.0,-5.5,,,127.0,w,l,0.0,0.0,-552,-1950
03/04/2020,Pacers,19%,+500,0.17,11.0,+9,IND,IND,100.0,l,l,-100.0,-110.0,-552,-1950
,Bucks,81%,-700,0.88,-11.0,-9,,,119.0,w,w,0.0,0.0,-552,-1950
03/04/2020,Wizards,39%,+270,0.27,7.5,+3,WSH,WSH,104.0,l,l,-100.0,-110.0,-552,-1950
,Trail Blazers,61%,-330,0.77,-7.5,-3,,,125.0,w,w,0.0,0.0,-552,-1950
03/05/2020,Nuggets,80%,-600,0.86,-10.0,-8.5,,,114.0,w,l,0.0,0.0,-552,-1950
,Hornets,20%,+425,0.19,10.0,+8.5,CHA,CHA,112.0,l,w,-100.0,100.0,-552,-1950
03/05/2020,Clippers,40%,-110,0.52,1.0,+2.5,,,120.0,w,w,0.0,0.0,-552,-1950
,Rockets,60%,-110,0.52,-1.0,-2.5,HOU,HOU,105.0,l,l,-110.0,-110.0,-552,-1950
03/05/2020,76ers,36%,+175,0.36,5.0,+3.5,,PHI,125.0,w,w,0.0,100.0,-552,-1950
,Kings,64%,-210,0.68,-5.0,-3.5,,,108.0,l,l,0.0,0.0,-552,-1950
03/05/2020,Raptors,80%,-400,0.8,-8.0,-8.5,,TOR,121.0,w,push,0.0,0.0,-552,-1950
,Warriors,20%,+300,0.25,8.0,+8.5,,,113.0,l,push,0.0,0.0,-552,-1950
03/06/2020,Hawks,28%,+120,0.45,2.5,+6,,,112.0,l,l,0.0,0.0,-552,-1950
,Wizards,72%,-140,0.58,-2.5,-6,WSH,WSH,118.0,w,w,100.0,100.0,-552,-1950
03/06/2020,Thunder,74%,-300,0.75,-7.0,-6.5,,,126.0,w,w,0.0,0.0,-552,-1950
,Knicks,26%,+240,0.29,7.0,+6.5,,NY,103.0,l,l,0.0,-110.0,-552,-1950
03/06/2020,Spurs,37%,+140,0.42,3.5,+3.5,,,120.0,l,l,0.0,0.0,-552,-1950
,Nets,64%,-160,0.62,-3.5,-3.5,BKN,,139.0,w,w,100.0,0.0,-552,-1950
03/06/2020,Jazz,34%,+115,0.47,2.0,+4,,,99.0,w,w,0.0,0.0,-552,-1950
,Celtics,66%,-135,0.57,-2.0,-4,BOS,BOS,94.0,l,l,-135.0,-110.0,-552,-1950
03/06/2020,Heat,31%,+105,0.49,1.5,+5,,,104.0,l,l,0.0,0.0,-552,-1950
,Pelicans,69%,-125,0.56,-1.5,-5,NO,NO,110.0,w,w,100.0,100.0,-552,-1950
03/06/2020,Magic,48%,-135,0.57,-2.0,+0.5,,,132.0,w,w,0.0,0.0,-552,-1950
,Timberwolves,52%,+115,0.47,2.0,-0.5,MIN,MIN,118.0,l,l,-100.0,-110.0,-552,-1950
03/06/2020,Pacers,53%,-150,0.6,-3.0,-1,,,108.0,w,w,0.0,0.0,-552,-1950
,Bulls,47%,+130,0.43,3.0,+1,CHI,CHI,102.0,l,l,-100.0,-110.0,-552,-1950
03/06/2020,Grizzlies,17%,+230,0.3,6.5,+9.5,,,96.0,l,l,0.0,0.0,-552,-1950
,Mavericks,83%,-280,0.74,-6.5,-9.5,DAL,DAL,121.0,w,w,100.0,100.0,-552,-1950
03/06/2020,Trail Blazers,34%,-160,0.62,-3.5,+4,,,117.0,l,l,0.0,0.0,-552,-1950
,Suns,66%,+140,0.42,3.5,-4,PHX,PHX,127.0,w,w,140.0,100.0,-552,-1950
03/06/2020,Bucks,35%,-105,0.51,1.0,+4,,,103.0,l,l,0.0,0.0,-552,-1950
,Lakers,65%,-115,0.53,-1.0,-4,LAL,LAL,113.0,w,w,100.0,100.0,-552,-1950
03/08/2020,Bulls,39%,+230,0.3,6.5,+2.5,CHI,CHI,107.0,l,w,-100.0,100.0,-552,-1950
,Nets,61%,-280,0.74,-6.5,-2.5,,,110.0,w,l,0.0,0.0,-552,-1950
03/08/2020,Lakers,32%,+125,0.44,2.5,+5,,,112.0,w,w,0.0,0.0,-552,-1950
,Clippers,68%,-145,0.59,-2.5,-5,LAC,LAC,103.0,l,l,-145.0,-110.0,-552,-1950
03/08/2020,Pelicans,70%,-270,0.73,-7.0,-5.5,,,120.0,w,w,0.0,0.0,-552,-1950
,Timberwolves,30%,+230,0.3,7.0,+5.5,,MIN,107.0,l,l,0.0,-110.0,-552,-1950
03/08/2020,Thunder,34%,+160,0.38,4.0,+4,,,105.0,w,w,0.0,0.0,-552,-1950
,Celtics,66%,-180,0.64,-4.0,-4,BOS,,104.0,l,l,-180.0,0.0,-552,-1950
03/08/2020,Bucks,63%,-260,0.72,-6.5,-3.5,,,131.0,l,l,0.0,0.0,-552,-1950
,Suns,37%,+220,0.31,6.5,+3.5,PHX,PHX,140.0,w,w,220.0,100.0,-552,-1950
03/08/2020,Pacers,28%,+190,0.34,5.5,+5.5,,,112.0,w,w,0.0,0.0,-552,-1950
,Mavericks,72%,-240,0.71,-5.5,-5.5,DAL,,109.0,l,l,-240.0,0.0,-552,-1950
03/08/2020,Heat,52%,-200,0.67,-5.0,-0.5,,,100.0,w,w,0.0,0.0,-552,-1950
,Wizards,48%,+170,0.37,5.0,+0.5,WSH,WSH,89.0,l,l,-100.0,-110.0,-552,-1950
03/08/2020,Magic,20%,+300,0.25,8.0,+8.5,,,126.0,w,w,0.0,0.0,-552,-1950
,Rockets,80%,-400,0.8,-8.0,-8.5,,HOU,106.0,l,l,0.0,-110.0,-552,-1950
03/08/2020,Spurs,54%,-200,0.67,-4.5,-1,,,129.0,l,l,0.0,0.0,-552,-1950
,Cavaliers,46%,+170,0.37,4.5,+1,CLE,CLE,132.0,w,w,170.0,100.0,-552,-1950
03/08/2020,Pistons,28%,+190,0.34,5.5,+6,,,84.0,l,l,0.0,0.0,-552,-1950
,Knicks,72%,-240,0.71,-5.5,-6,NY,NY,96.0,w,w,100.0,100.0,-552,-1950
03/08/2020,Raptors,60%,-240,0.71,-6.0,-2.5,,,118.0,w,l,0.0,0.0,-552,-1950
,Kings,40%,+200,0.33,6.0,+2.5,SAC,SAC,113.0,l,w,-100.0,100.0,-552,-1950
03/09/2020,Hornets,30%,+150,0.4,+4.0,+5,,,138,l,l,0.0,0.0,-552,-1950
,Hawks,70%,-180,0.64,-4.0,-5,ATL,ATL,143,w,w,100.0,100.0,-552,-1950
03/09/2020,Raptors,33%,+160,0.38,+4.5,+4.5,,,101,w,w,0.0,0.0,-552,-1950
,Jazz,67%,-180,0.64,-4.5,-4.5,UTA,,92,l,l,-180.0,0.0,-552,-1950
03/09/2020,Bucks,20%,+200,0.33,+6.0,+8.5,,,95,l,l,0.0,0.0,-552,-1950
,Nuggets,80%,-250,0.71,-6.0,-8.5,DEN,DEN,109,w,w,100.0,100.0,-552,-1950
03/12/2020,Bulls,29%,+260,0.28,+7.5,+5.5,CHI,CHI,,,,0.0,0.0,-552,-1950
,Magic,71%,-320,0.76,-7.5,-5.5,,,,,,0.0,0.0,-552,-1950
03/12/2020,Celtics,42%,,,,+2,,,,,,0.0,0.0,-552,-1950
,Bucks,58%,,,,-2,,,,,,0.0,0.0,-552,-1950
03/12/2020,Grizzlies,32%,,,,+4.5,,,,,,0.0,0.0,-552,-1950
,Trail Blazers,68%,,,,-4.5,,,,,,0.0,0.0,-552,-1950
03/12/2020,Rockets,34%,+220,0.31,+6.5,+4,HOU,HOU,,,,0.0,0.0,-552,-1950
,Lakers,66%,-260,0.72,-6.5,-4,,,,,,0.0,0.0,-552,-1950
03/12/2020,Nets,35%,,,,+3.5,,,,,,0.0,0.0,-552,-1950
,Warriors,65%,,,,-3.5,,,,,,0.0,0.0,-552,-1950
